<?xml version="1.0" encoding="US-ASCII" standalone="yes"?><?mso-application progid="Excel.Sheet"?><Workbook xmlns="urn:schemas-microsoft-com:office:spreadsheet" xmlns:o="urn:schemas-microsoft-com:office:office" xmlns:x="urn:schemas-microsoft-com:office:excel" xmlns:ss="urn:schemas-microsoft-com:office:spreadsheet" xmlns:html="http://www.w3.org/TR/REC-html40"><DocumentProperties xmlns="urn:schemas-microsoft-com:office:office"><Author></Author><LastAuthor></LastAuthor><Created></Created><LastSaved></LastSaved><Company></Company><Version></Version></DocumentProperties><ExcelWorkbook  xmlns="urn:schemas-microsoft-com:office:excel"><ProtectStructure>False</ProtectStructure><ProtectWindows>False</ProtectWindows></ExcelWorkbook><Styles><Style ss:ID="Default" ss:Name="Normal"><Alignment ss:Vertical="Bottom"/><Borders/><Font ss:FontName="Calibri" ss:Size="10"/><Interior/><NumberFormat/><Protection/></Style><Style ss:ID="s1"><Font ss:FontName="Calibri" ss:Bold="1" ss:Size="12"/><NumberFormat/></Style><Style ss:ID="s21"><Alignment ss:Horizontal="Center" ss:Vertical="Bottom"/><NumberFormat/><Font ss:FontName="Calibri" ss:Size="10"/><Borders><Border ss:Position="Top" ss:LineStyle="Continuous" ss:Weight="1"/></Borders></Style><Style ss:ID="s22"><Alignment ss:Horizontal="Center" ss:Vertical="Bottom"/><Font ss:FontName="Calibri" ss:Size="10"/><NumberFormat/></Style><Style ss:ID="s23"><Alignment ss:Horizontal="Center" ss:Vertical="Bottom"/><NumberFormat/><Font ss:FontName="Calibri" ss:Size="10"/><Borders><Border ss:Position="Bottom" ss:LineStyle="Continuous" ss:Weight="1"/></Borders></Style><Style ss:ID="s24"><Font ss:FontName="Calibri" ss:Size="10"/><NumberFormat/></Style><Style ss:ID="s31"><Font ss:FontName="Calibri" ss:Size="10"/><Borders><Border ss:Position="Top" ss:LineStyle="Continuous" ss:Weight="1"/></Borders></Style><Style ss:ID="s32"><Font ss:FontName="Calibri" ss:Size="10"/><Borders/></Style><Style ss:ID="s33"><Font ss:FontName="Calibri" ss:Size="10"/><Borders><Border ss:Position="Bottom" ss:LineStyle="Continuous" ss:Weight="1"/></Borders></Style></Styles><Names></Names><Worksheet ss:Name="Sheet1"><Table ss:ExpandedColumnCount="2" ss:ExpandedRowCount="549" x:FullColumns="1" x:FullRows="1"><Column ss:AutoFitWidth="0" ss:Width="96"/><Column ss:AutoFitWidth="0" ss:Width="58"/><Row></Row><Row><Cell ss:StyleID="s31"><Data ss:Type="String"></Data></Cell><Cell ss:StyleID="s21"><Data ss:Type="String">(1)</Data></Cell></Row><Row><Cell ss:StyleID="s32"><Data ss:Type="String"></Data></Cell><Cell ss:StyleID="s22"><Data ss:Type="String">ALL</Data></Cell></Row><Row><Cell ss:StyleID="s32"><Data ss:Type="String">VARIABLES</Data></Cell><Cell ss:StyleID="s22"><Data ss:Type="String">moca_sa_w3</Data></Cell></Row><Row><Cell ss:StyleID="s31"><Data ss:Type="String"></Data></Cell><Cell ss:StyleID="s21"><Data ss:Type="String"></Data></Cell></Row><Row><Cell ss:StyleID="s32"><Data ss:Type="String">moca_d</Data></Cell><Cell ss:StyleID="s22"><Data ss:Type="String">0.696***</Data></Cell></Row><Row><Cell ss:StyleID="s32"><Data ss:Type="String"></Data></Cell><Cell ss:StyleID="s22"><Data ss:Type="String">(0.0210)</Data></Cell></Row><Row><Cell ss:StyleID="s32"><Data ss:Type="String">1b.moca_sa#c.pc1</Data></Cell><Cell ss:StyleID="s22"><Data ss:Type="String">-1.063</Data></Cell></Row><Row><Cell ss:StyleID="s32"><Data ss:Type="String"></Data></Cell><Cell ss:StyleID="s22"><Data ss:Type="String">(1.723)</Data></Cell></Row><Row><Cell ss:StyleID="s32"><Data ss:Type="String">2.moca_sa#c.pc1</Data></Cell><Cell ss:StyleID="s22"><Data ss:Type="String">-0.0865</Data></Cell></Row><Row><Cell ss:StyleID="s32"><Data ss:Type="String"></Data></Cell><Cell ss:StyleID="s22"><Data ss:Type="String">(1.130)</Data></Cell></Row><Row><Cell ss:StyleID="s32"><Data ss:Type="String">3.moca_sa#c.pc1</Data></Cell><Cell ss:StyleID="s22"><Data ss:Type="String">0.353</Data></Cell></Row><Row><Cell ss:StyleID="s32"><Data ss:Type="String"></Data></Cell><Cell ss:StyleID="s22"><Data ss:Type="String">(0.476)</Data></Cell></Row><Row><Cell ss:StyleID="s32"><Data ss:Type="String">4.moca_sa#c.pc1</Data></Cell><Cell ss:StyleID="s22"><Data ss:Type="String">-0.212</Data></Cell></Row><Row><Cell ss:StyleID="s32"><Data ss:Type="String"></Data></Cell><Cell ss:StyleID="s22"><Data ss:Type="String">(0.295)</Data></Cell></Row><Row><Cell ss:StyleID="s32"><Data ss:Type="String">5.moca_sa#c.pc1</Data></Cell><Cell ss:StyleID="s22"><Data ss:Type="String">-0.0841</Data></Cell></Row><Row><Cell ss:StyleID="s32"><Data ss:Type="String"></Data></Cell><Cell ss:StyleID="s22"><Data ss:Type="String">(0.264)</Data></Cell></Row><Row><Cell ss:StyleID="s32"><Data ss:Type="String">6.moca_sa#c.pc1</Data></Cell><Cell ss:StyleID="s22"><Data ss:Type="String">-0.554</Data></Cell></Row><Row><Cell ss:StyleID="s32"><Data ss:Type="String"></Data></Cell><Cell ss:StyleID="s22"><Data ss:Type="String">(0.339)</Data></Cell></Row><Row><Cell ss:StyleID="s32"><Data ss:Type="String">7.moca_sa#c.pc1</Data></Cell><Cell ss:StyleID="s22"><Data ss:Type="String">-0.513**</Data></Cell></Row><Row><Cell ss:StyleID="s32"><Data ss:Type="String"></Data></Cell><Cell ss:StyleID="s22"><Data ss:Type="String">(0.208)</Data></Cell></Row><Row><Cell ss:StyleID="s32"><Data ss:Type="String">8.moca_sa#c.pc1</Data></Cell><Cell ss:StyleID="s22"><Data ss:Type="String">-0.233</Data></Cell></Row><Row><Cell ss:StyleID="s32"><Data ss:Type="String"></Data></Cell><Cell ss:StyleID="s22"><Data ss:Type="String">(0.241)</Data></Cell></Row><Row><Cell ss:StyleID="s32"><Data ss:Type="String">9.moca_sa#c.pc1</Data></Cell><Cell ss:StyleID="s22"><Data ss:Type="String">-0.383**</Data></Cell></Row><Row><Cell ss:StyleID="s32"><Data ss:Type="String"></Data></Cell><Cell ss:StyleID="s22"><Data ss:Type="String">(0.151)</Data></Cell></Row><Row><Cell ss:StyleID="s32"><Data ss:Type="String">10.moca_sa#c.pc1</Data></Cell><Cell ss:StyleID="s22"><Data ss:Type="String">-0.466***</Data></Cell></Row><Row><Cell ss:StyleID="s32"><Data ss:Type="String"></Data></Cell><Cell ss:StyleID="s22"><Data ss:Type="String">(0.155)</Data></Cell></Row><Row><Cell ss:StyleID="s32"><Data ss:Type="String">11.moca_sa#c.pc1</Data></Cell><Cell ss:StyleID="s22"><Data ss:Type="String">-0.794***</Data></Cell></Row><Row><Cell ss:StyleID="s32"><Data ss:Type="String"></Data></Cell><Cell ss:StyleID="s22"><Data ss:Type="String">(0.185)</Data></Cell></Row><Row><Cell ss:StyleID="s32"><Data ss:Type="String">12.moca_sa#c.pc1</Data></Cell><Cell ss:StyleID="s22"><Data ss:Type="String">-0.403**</Data></Cell></Row><Row><Cell ss:StyleID="s32"><Data ss:Type="String"></Data></Cell><Cell ss:StyleID="s22"><Data ss:Type="String">(0.170)</Data></Cell></Row><Row><Cell ss:StyleID="s32"><Data ss:Type="String">13.moca_sa#c.pc1</Data></Cell><Cell ss:StyleID="s22"><Data ss:Type="String">-0.374**</Data></Cell></Row><Row><Cell ss:StyleID="s32"><Data ss:Type="String"></Data></Cell><Cell ss:StyleID="s22"><Data ss:Type="String">(0.153)</Data></Cell></Row><Row><Cell ss:StyleID="s32"><Data ss:Type="String">14.moca_sa#c.pc1</Data></Cell><Cell ss:StyleID="s22"><Data ss:Type="String">-0.796***</Data></Cell></Row><Row><Cell ss:StyleID="s32"><Data ss:Type="String"></Data></Cell><Cell ss:StyleID="s22"><Data ss:Type="String">(0.136)</Data></Cell></Row><Row><Cell ss:StyleID="s32"><Data ss:Type="String">15.moca_sa#c.pc1</Data></Cell><Cell ss:StyleID="s22"><Data ss:Type="String">-0.270***</Data></Cell></Row><Row><Cell ss:StyleID="s32"><Data ss:Type="String"></Data></Cell><Cell ss:StyleID="s22"><Data ss:Type="String">(0.0988)</Data></Cell></Row><Row><Cell ss:StyleID="s32"><Data ss:Type="String">16.moca_sa#c.pc1</Data></Cell><Cell ss:StyleID="s22"><Data ss:Type="String">-0.430***</Data></Cell></Row><Row><Cell ss:StyleID="s32"><Data ss:Type="String"></Data></Cell><Cell ss:StyleID="s22"><Data ss:Type="String">(0.144)</Data></Cell></Row><Row><Cell ss:StyleID="s32"><Data ss:Type="String">17.moca_sa#c.pc1</Data></Cell><Cell ss:StyleID="s22"><Data ss:Type="String">-0.248</Data></Cell></Row><Row><Cell ss:StyleID="s32"><Data ss:Type="String"></Data></Cell><Cell ss:StyleID="s22"><Data ss:Type="String">(0.157)</Data></Cell></Row><Row><Cell ss:StyleID="s32"><Data ss:Type="String">18.moca_sa#c.pc1</Data></Cell><Cell ss:StyleID="s22"><Data ss:Type="String">0.0517</Data></Cell></Row><Row><Cell ss:StyleID="s32"><Data ss:Type="String"></Data></Cell><Cell ss:StyleID="s22"><Data ss:Type="String">(0.198)</Data></Cell></Row><Row><Cell ss:StyleID="s32"><Data ss:Type="String">19.moca_sa#c.pc1</Data></Cell><Cell ss:StyleID="s22"><Data ss:Type="String">-0.221*</Data></Cell></Row><Row><Cell ss:StyleID="s32"><Data ss:Type="String"></Data></Cell><Cell ss:StyleID="s22"><Data ss:Type="String">(0.122)</Data></Cell></Row><Row><Cell ss:StyleID="s32"><Data ss:Type="String">20.moca_sa#c.pc1</Data></Cell><Cell ss:StyleID="s22"><Data ss:Type="String">-0.358</Data></Cell></Row><Row><Cell ss:StyleID="s32"><Data ss:Type="String"></Data></Cell><Cell ss:StyleID="s22"><Data ss:Type="String">(0.247)</Data></Cell></Row><Row><Cell ss:StyleID="s32"><Data ss:Type="String">age_d</Data></Cell><Cell ss:StyleID="s22"><Data ss:Type="String">-0.109***</Data></Cell></Row><Row><Cell ss:StyleID="s32"><Data ss:Type="String"></Data></Cell><Cell ss:StyleID="s22"><Data ss:Type="String">(0.00972)</Data></Cell></Row><Row><Cell ss:StyleID="s32"><Data ss:Type="String">24499.fid2</Data></Cell><Cell ss:StyleID="s22"><Data ss:Type="String">10.34***</Data></Cell></Row><Row><Cell ss:StyleID="s32"><Data ss:Type="String"></Data></Cell><Cell ss:StyleID="s22"><Data ss:Type="String">(1.137)</Data></Cell></Row><Row><Cell ss:StyleID="s32"><Data ss:Type="String">29196.fid2</Data></Cell><Cell ss:StyleID="s22"><Data ss:Type="String">8.820***</Data></Cell></Row><Row><Cell ss:StyleID="s32"><Data ss:Type="String"></Data></Cell><Cell ss:StyleID="s22"><Data ss:Type="String">(1.523)</Data></Cell></Row><Row><Cell ss:StyleID="s32"><Data ss:Type="String">33300.fid2</Data></Cell><Cell ss:StyleID="s22"><Data ss:Type="String">9.991***</Data></Cell></Row><Row><Cell ss:StyleID="s32"><Data ss:Type="String"></Data></Cell><Cell ss:StyleID="s22"><Data ss:Type="String">(1.818)</Data></Cell></Row><Row><Cell ss:StyleID="s32"><Data ss:Type="String">41771.fid2</Data></Cell><Cell ss:StyleID="s22"><Data ss:Type="String">8.399***</Data></Cell></Row><Row><Cell ss:StyleID="s32"><Data ss:Type="String"></Data></Cell><Cell ss:StyleID="s22"><Data ss:Type="String">(1.513)</Data></Cell></Row><Row><Cell ss:StyleID="s32"><Data ss:Type="String">62177.fid2</Data></Cell><Cell ss:StyleID="s22"><Data ss:Type="String">11.69***</Data></Cell></Row><Row><Cell ss:StyleID="s32"><Data ss:Type="String"></Data></Cell><Cell ss:StyleID="s22"><Data ss:Type="String">(1.475)</Data></Cell></Row><Row><Cell ss:StyleID="s32"><Data ss:Type="String">97907.fid2</Data></Cell><Cell ss:StyleID="s22"><Data ss:Type="String">10.16***</Data></Cell></Row><Row><Cell ss:StyleID="s32"><Data ss:Type="String"></Data></Cell><Cell ss:StyleID="s22"><Data ss:Type="String">(1.032)</Data></Cell></Row><Row><Cell ss:StyleID="s32"><Data ss:Type="String">101213.fid2</Data></Cell><Cell ss:StyleID="s22"><Data ss:Type="String">10.59***</Data></Cell></Row><Row><Cell ss:StyleID="s32"><Data ss:Type="String"></Data></Cell><Cell ss:StyleID="s22"><Data ss:Type="String">(1.486)</Data></Cell></Row><Row><Cell ss:StyleID="s32"><Data ss:Type="String">120988.fid2</Data></Cell><Cell ss:StyleID="s22"><Data ss:Type="String">9.395***</Data></Cell></Row><Row><Cell ss:StyleID="s32"><Data ss:Type="String"></Data></Cell><Cell ss:StyleID="s22"><Data ss:Type="String">(1.189)</Data></Cell></Row><Row><Cell ss:StyleID="s32"><Data ss:Type="String">144315.fid2</Data></Cell><Cell ss:StyleID="s22"><Data ss:Type="String">10.33***</Data></Cell></Row><Row><Cell ss:StyleID="s32"><Data ss:Type="String"></Data></Cell><Cell ss:StyleID="s22"><Data ss:Type="String">(1.346)</Data></Cell></Row><Row><Cell ss:StyleID="s32"><Data ss:Type="String">151874.fid2</Data></Cell><Cell ss:StyleID="s22"><Data ss:Type="String">8.658***</Data></Cell></Row><Row><Cell ss:StyleID="s32"><Data ss:Type="String"></Data></Cell><Cell ss:StyleID="s22"><Data ss:Type="String">(1.914)</Data></Cell></Row><Row><Cell ss:StyleID="s32"><Data ss:Type="String">156643.fid2</Data></Cell><Cell ss:StyleID="s22"><Data ss:Type="String">9.535***</Data></Cell></Row><Row><Cell ss:StyleID="s32"><Data ss:Type="String"></Data></Cell><Cell ss:StyleID="s22"><Data ss:Type="String">(1.982)</Data></Cell></Row><Row><Cell ss:StyleID="s32"><Data ss:Type="String">156975.fid2</Data></Cell><Cell ss:StyleID="s22"><Data ss:Type="String">9.591***</Data></Cell></Row><Row><Cell ss:StyleID="s32"><Data ss:Type="String"></Data></Cell><Cell ss:StyleID="s22"><Data ss:Type="String">(1.398)</Data></Cell></Row><Row><Cell ss:StyleID="s32"><Data ss:Type="String">160204.fid2</Data></Cell><Cell ss:StyleID="s22"><Data ss:Type="String">8.216***</Data></Cell></Row><Row><Cell ss:StyleID="s32"><Data ss:Type="String"></Data></Cell><Cell ss:StyleID="s22"><Data ss:Type="String">(2.119)</Data></Cell></Row><Row><Cell ss:StyleID="s32"><Data ss:Type="String">163737.fid2</Data></Cell><Cell ss:StyleID="s22"><Data ss:Type="String">9.307***</Data></Cell></Row><Row><Cell ss:StyleID="s32"><Data ss:Type="String"></Data></Cell><Cell ss:StyleID="s22"><Data ss:Type="String">(1.963)</Data></Cell></Row><Row><Cell ss:StyleID="s32"><Data ss:Type="String">164479.fid2</Data></Cell><Cell ss:StyleID="s22"><Data ss:Type="String">8.172***</Data></Cell></Row><Row><Cell ss:StyleID="s32"><Data ss:Type="String"></Data></Cell><Cell ss:StyleID="s22"><Data ss:Type="String">(2.872)</Data></Cell></Row><Row><Cell ss:StyleID="s32"><Data ss:Type="String">169164.fid2</Data></Cell><Cell ss:StyleID="s22"><Data ss:Type="String">10.56***</Data></Cell></Row><Row><Cell ss:StyleID="s32"><Data ss:Type="String"></Data></Cell><Cell ss:StyleID="s22"><Data ss:Type="String">(1.574)</Data></Cell></Row><Row><Cell ss:StyleID="s32"><Data ss:Type="String">177517.fid2</Data></Cell><Cell ss:StyleID="s22"><Data ss:Type="String">9.037***</Data></Cell></Row><Row><Cell ss:StyleID="s32"><Data ss:Type="String"></Data></Cell><Cell ss:StyleID="s22"><Data ss:Type="String">(1.490)</Data></Cell></Row><Row><Cell ss:StyleID="s32"><Data ss:Type="String">180507.fid2</Data></Cell><Cell ss:StyleID="s22"><Data ss:Type="String">10.07***</Data></Cell></Row><Row><Cell ss:StyleID="s32"><Data ss:Type="String"></Data></Cell><Cell ss:StyleID="s22"><Data ss:Type="String">(1.451)</Data></Cell></Row><Row><Cell ss:StyleID="s32"><Data ss:Type="String">185564.fid2</Data></Cell><Cell ss:StyleID="s22"><Data ss:Type="String">10.93***</Data></Cell></Row><Row><Cell ss:StyleID="s32"><Data ss:Type="String"></Data></Cell><Cell ss:StyleID="s22"><Data ss:Type="String">(1.826)</Data></Cell></Row><Row><Cell ss:StyleID="s32"><Data ss:Type="String">213618.fid2</Data></Cell><Cell ss:StyleID="s22"><Data ss:Type="String">10.69***</Data></Cell></Row><Row><Cell ss:StyleID="s32"><Data ss:Type="String"></Data></Cell><Cell ss:StyleID="s22"><Data ss:Type="String">(1.938)</Data></Cell></Row><Row><Cell ss:StyleID="s32"><Data ss:Type="String">216315.fid2</Data></Cell><Cell ss:StyleID="s22"><Data ss:Type="String">9.774***</Data></Cell></Row><Row><Cell ss:StyleID="s32"><Data ss:Type="String"></Data></Cell><Cell ss:StyleID="s22"><Data ss:Type="String">(1.393)</Data></Cell></Row><Row><Cell ss:StyleID="s32"><Data ss:Type="String">219090.fid2</Data></Cell><Cell ss:StyleID="s22"><Data ss:Type="String">7.439***</Data></Cell></Row><Row><Cell ss:StyleID="s32"><Data ss:Type="String"></Data></Cell><Cell ss:StyleID="s22"><Data ss:Type="String">(1.506)</Data></Cell></Row><Row><Cell ss:StyleID="s32"><Data ss:Type="String">220779.fid2</Data></Cell><Cell ss:StyleID="s22"><Data ss:Type="String">11.15***</Data></Cell></Row><Row><Cell ss:StyleID="s32"><Data ss:Type="String"></Data></Cell><Cell ss:StyleID="s22"><Data ss:Type="String">(1.413)</Data></Cell></Row><Row><Cell ss:StyleID="s32"><Data ss:Type="String">233145.fid2</Data></Cell><Cell ss:StyleID="s22"><Data ss:Type="String">9.876***</Data></Cell></Row><Row><Cell ss:StyleID="s32"><Data ss:Type="String"></Data></Cell><Cell ss:StyleID="s22"><Data ss:Type="String">(1.430)</Data></Cell></Row><Row><Cell ss:StyleID="s32"><Data ss:Type="String">235704.fid2</Data></Cell><Cell ss:StyleID="s22"><Data ss:Type="String">8.942***</Data></Cell></Row><Row><Cell ss:StyleID="s32"><Data ss:Type="String"></Data></Cell><Cell ss:StyleID="s22"><Data ss:Type="String">(1.540)</Data></Cell></Row><Row><Cell ss:StyleID="s32"><Data ss:Type="String">236438.fid2</Data></Cell><Cell ss:StyleID="s22"><Data ss:Type="String">12.92***</Data></Cell></Row><Row><Cell ss:StyleID="s32"><Data ss:Type="String"></Data></Cell><Cell ss:StyleID="s22"><Data ss:Type="String">(2.301)</Data></Cell></Row><Row><Cell ss:StyleID="s32"><Data ss:Type="String">239148.fid2</Data></Cell><Cell ss:StyleID="s22"><Data ss:Type="String">5.959***</Data></Cell></Row><Row><Cell ss:StyleID="s32"><Data ss:Type="String"></Data></Cell><Cell ss:StyleID="s22"><Data ss:Type="String">(1.855)</Data></Cell></Row><Row><Cell ss:StyleID="s32"><Data ss:Type="String">244563.fid2</Data></Cell><Cell ss:StyleID="s22"><Data ss:Type="String">9.508***</Data></Cell></Row><Row><Cell ss:StyleID="s32"><Data ss:Type="String"></Data></Cell><Cell ss:StyleID="s22"><Data ss:Type="String">(1.227)</Data></Cell></Row><Row><Cell ss:StyleID="s32"><Data ss:Type="String">250009.fid2</Data></Cell><Cell ss:StyleID="s22"><Data ss:Type="String">10.09***</Data></Cell></Row><Row><Cell ss:StyleID="s32"><Data ss:Type="String"></Data></Cell><Cell ss:StyleID="s22"><Data ss:Type="String">(1.738)</Data></Cell></Row><Row><Cell ss:StyleID="s32"><Data ss:Type="String">272188.fid2</Data></Cell><Cell ss:StyleID="s22"><Data ss:Type="String">8.785***</Data></Cell></Row><Row><Cell ss:StyleID="s32"><Data ss:Type="String"></Data></Cell><Cell ss:StyleID="s22"><Data ss:Type="String">(1.068)</Data></Cell></Row><Row><Cell ss:StyleID="s32"><Data ss:Type="String">283507.fid2</Data></Cell><Cell ss:StyleID="s22"><Data ss:Type="String">10.01***</Data></Cell></Row><Row><Cell ss:StyleID="s32"><Data ss:Type="String"></Data></Cell><Cell ss:StyleID="s22"><Data ss:Type="String">(1.152)</Data></Cell></Row><Row><Cell ss:StyleID="s32"><Data ss:Type="String">283712.fid2</Data></Cell><Cell ss:StyleID="s22"><Data ss:Type="String">11.20***</Data></Cell></Row><Row><Cell ss:StyleID="s32"><Data ss:Type="String"></Data></Cell><Cell ss:StyleID="s22"><Data ss:Type="String">(1.398)</Data></Cell></Row><Row><Cell ss:StyleID="s32"><Data ss:Type="String">288473.fid2</Data></Cell><Cell ss:StyleID="s22"><Data ss:Type="String">8.167***</Data></Cell></Row><Row><Cell ss:StyleID="s32"><Data ss:Type="String"></Data></Cell><Cell ss:StyleID="s22"><Data ss:Type="String">(1.624)</Data></Cell></Row><Row><Cell ss:StyleID="s32"><Data ss:Type="String">290933.fid2</Data></Cell><Cell ss:StyleID="s22"><Data ss:Type="String">11.15***</Data></Cell></Row><Row><Cell ss:StyleID="s32"><Data ss:Type="String"></Data></Cell><Cell ss:StyleID="s22"><Data ss:Type="String">(1.868)</Data></Cell></Row><Row><Cell ss:StyleID="s32"><Data ss:Type="String">317005.fid2</Data></Cell><Cell ss:StyleID="s22"><Data ss:Type="String">10.50***</Data></Cell></Row><Row><Cell ss:StyleID="s32"><Data ss:Type="String"></Data></Cell><Cell ss:StyleID="s22"><Data ss:Type="String">(1.342)</Data></Cell></Row><Row><Cell ss:StyleID="s32"><Data ss:Type="String">317918.fid2</Data></Cell><Cell ss:StyleID="s22"><Data ss:Type="String">8.273***</Data></Cell></Row><Row><Cell ss:StyleID="s32"><Data ss:Type="String"></Data></Cell><Cell ss:StyleID="s22"><Data ss:Type="String">(1.294)</Data></Cell></Row><Row><Cell ss:StyleID="s32"><Data ss:Type="String">318840.fid2</Data></Cell><Cell ss:StyleID="s22"><Data ss:Type="String">10.30***</Data></Cell></Row><Row><Cell ss:StyleID="s32"><Data ss:Type="String"></Data></Cell><Cell ss:StyleID="s22"><Data ss:Type="String">(1.148)</Data></Cell></Row><Row><Cell ss:StyleID="s32"><Data ss:Type="String">333724.fid2</Data></Cell><Cell ss:StyleID="s22"><Data ss:Type="String">10.58***</Data></Cell></Row><Row><Cell ss:StyleID="s32"><Data ss:Type="String"></Data></Cell><Cell ss:StyleID="s22"><Data ss:Type="String">(1.213)</Data></Cell></Row><Row><Cell ss:StyleID="s32"><Data ss:Type="String">334845.fid2</Data></Cell><Cell ss:StyleID="s22"><Data ss:Type="String">11.97***</Data></Cell></Row><Row><Cell ss:StyleID="s32"><Data ss:Type="String"></Data></Cell><Cell ss:StyleID="s22"><Data ss:Type="String">(1.653)</Data></Cell></Row><Row><Cell ss:StyleID="s32"><Data ss:Type="String">342299.fid2</Data></Cell><Cell ss:StyleID="s22"><Data ss:Type="String">7.542***</Data></Cell></Row><Row><Cell ss:StyleID="s32"><Data ss:Type="String"></Data></Cell><Cell ss:StyleID="s22"><Data ss:Type="String">(1.777)</Data></Cell></Row><Row><Cell ss:StyleID="s32"><Data ss:Type="String">353398.fid2</Data></Cell><Cell ss:StyleID="s22"><Data ss:Type="String">10.45***</Data></Cell></Row><Row><Cell ss:StyleID="s32"><Data ss:Type="String"></Data></Cell><Cell ss:StyleID="s22"><Data ss:Type="String">(1.245)</Data></Cell></Row><Row><Cell ss:StyleID="s32"><Data ss:Type="String">362361.fid2</Data></Cell><Cell ss:StyleID="s22"><Data ss:Type="String">8.325***</Data></Cell></Row><Row><Cell ss:StyleID="s32"><Data ss:Type="String"></Data></Cell><Cell ss:StyleID="s22"><Data ss:Type="String">(1.709)</Data></Cell></Row><Row><Cell ss:StyleID="s32"><Data ss:Type="String">363672.fid2</Data></Cell><Cell ss:StyleID="s22"><Data ss:Type="String">8.881***</Data></Cell></Row><Row><Cell ss:StyleID="s32"><Data ss:Type="String"></Data></Cell><Cell ss:StyleID="s22"><Data ss:Type="String">(1.435)</Data></Cell></Row><Row><Cell ss:StyleID="s32"><Data ss:Type="String">374225.fid2</Data></Cell><Cell ss:StyleID="s22"><Data ss:Type="String">8.555***</Data></Cell></Row><Row><Cell ss:StyleID="s32"><Data ss:Type="String"></Data></Cell><Cell ss:StyleID="s22"><Data ss:Type="String">(2.369)</Data></Cell></Row><Row><Cell ss:StyleID="s32"><Data ss:Type="String">391983.fid2</Data></Cell><Cell ss:StyleID="s22"><Data ss:Type="String">9.055***</Data></Cell></Row><Row><Cell ss:StyleID="s32"><Data ss:Type="String"></Data></Cell><Cell ss:StyleID="s22"><Data ss:Type="String">(1.600)</Data></Cell></Row><Row><Cell ss:StyleID="s32"><Data ss:Type="String">395894.fid2</Data></Cell><Cell ss:StyleID="s22"><Data ss:Type="String">9.443***</Data></Cell></Row><Row><Cell ss:StyleID="s32"><Data ss:Type="String"></Data></Cell><Cell ss:StyleID="s22"><Data ss:Type="String">(1.162)</Data></Cell></Row><Row><Cell ss:StyleID="s32"><Data ss:Type="String">403487.fid2</Data></Cell><Cell ss:StyleID="s22"><Data ss:Type="String">9.158***</Data></Cell></Row><Row><Cell ss:StyleID="s32"><Data ss:Type="String"></Data></Cell><Cell ss:StyleID="s22"><Data ss:Type="String">(1.123)</Data></Cell></Row><Row><Cell ss:StyleID="s32"><Data ss:Type="String">412236.fid2</Data></Cell><Cell ss:StyleID="s22"><Data ss:Type="String">10.18***</Data></Cell></Row><Row><Cell ss:StyleID="s32"><Data ss:Type="String"></Data></Cell><Cell ss:StyleID="s22"><Data ss:Type="String">(1.516)</Data></Cell></Row><Row><Cell ss:StyleID="s32"><Data ss:Type="String">415393.fid2</Data></Cell><Cell ss:StyleID="s22"><Data ss:Type="String">10.71***</Data></Cell></Row><Row><Cell ss:StyleID="s32"><Data ss:Type="String"></Data></Cell><Cell ss:StyleID="s22"><Data ss:Type="String">(1.074)</Data></Cell></Row><Row><Cell ss:StyleID="s32"><Data ss:Type="String">419768.fid2</Data></Cell><Cell ss:StyleID="s22"><Data ss:Type="String">10.40***</Data></Cell></Row><Row><Cell ss:StyleID="s32"><Data ss:Type="String"></Data></Cell><Cell ss:StyleID="s22"><Data ss:Type="String">(1.878)</Data></Cell></Row><Row><Cell ss:StyleID="s32"><Data ss:Type="String">426524.fid2</Data></Cell><Cell ss:StyleID="s22"><Data ss:Type="String">8.402***</Data></Cell></Row><Row><Cell ss:StyleID="s32"><Data ss:Type="String"></Data></Cell><Cell ss:StyleID="s22"><Data ss:Type="String">(1.619)</Data></Cell></Row><Row><Cell ss:StyleID="s32"><Data ss:Type="String">432312.fid2</Data></Cell><Cell ss:StyleID="s22"><Data ss:Type="String">10.19***</Data></Cell></Row><Row><Cell ss:StyleID="s32"><Data ss:Type="String"></Data></Cell><Cell ss:StyleID="s22"><Data ss:Type="String">(1.125)</Data></Cell></Row><Row><Cell ss:StyleID="s32"><Data ss:Type="String">433604.fid2</Data></Cell><Cell ss:StyleID="s22"><Data ss:Type="String">13.22***</Data></Cell></Row><Row><Cell ss:StyleID="s32"><Data ss:Type="String"></Data></Cell><Cell ss:StyleID="s22"><Data ss:Type="String">(1.964)</Data></Cell></Row><Row><Cell ss:StyleID="s32"><Data ss:Type="String">435927.fid2</Data></Cell><Cell ss:StyleID="s22"><Data ss:Type="String">8.954***</Data></Cell></Row><Row><Cell ss:StyleID="s32"><Data ss:Type="String"></Data></Cell><Cell ss:StyleID="s22"><Data ss:Type="String">(1.375)</Data></Cell></Row><Row><Cell ss:StyleID="s32"><Data ss:Type="String">437455.fid2</Data></Cell><Cell ss:StyleID="s22"><Data ss:Type="String">12.88***</Data></Cell></Row><Row><Cell ss:StyleID="s32"><Data ss:Type="String"></Data></Cell><Cell ss:StyleID="s22"><Data ss:Type="String">(1.315)</Data></Cell></Row><Row><Cell ss:StyleID="s32"><Data ss:Type="String">441070.fid2</Data></Cell><Cell ss:StyleID="s22"><Data ss:Type="String">9.902***</Data></Cell></Row><Row><Cell ss:StyleID="s32"><Data ss:Type="String"></Data></Cell><Cell ss:StyleID="s22"><Data ss:Type="String">(1.180)</Data></Cell></Row><Row><Cell ss:StyleID="s32"><Data ss:Type="String">448165.fid2</Data></Cell><Cell ss:StyleID="s22"><Data ss:Type="String">8.336***</Data></Cell></Row><Row><Cell ss:StyleID="s32"><Data ss:Type="String"></Data></Cell><Cell ss:StyleID="s22"><Data ss:Type="String">(1.653)</Data></Cell></Row><Row><Cell ss:StyleID="s32"><Data ss:Type="String">456002.fid2</Data></Cell><Cell ss:StyleID="s22"><Data ss:Type="String">10.59***</Data></Cell></Row><Row><Cell ss:StyleID="s32"><Data ss:Type="String"></Data></Cell><Cell ss:StyleID="s22"><Data ss:Type="String">(1.203)</Data></Cell></Row><Row><Cell ss:StyleID="s32"><Data ss:Type="String">462607.fid2</Data></Cell><Cell ss:StyleID="s22"><Data ss:Type="String">8.807***</Data></Cell></Row><Row><Cell ss:StyleID="s32"><Data ss:Type="String"></Data></Cell><Cell ss:StyleID="s22"><Data ss:Type="String">(1.448)</Data></Cell></Row><Row><Cell ss:StyleID="s32"><Data ss:Type="String">463956.fid2</Data></Cell><Cell ss:StyleID="s22"><Data ss:Type="String">10.33***</Data></Cell></Row><Row><Cell ss:StyleID="s32"><Data ss:Type="String"></Data></Cell><Cell ss:StyleID="s22"><Data ss:Type="String">(1.589)</Data></Cell></Row><Row><Cell ss:StyleID="s32"><Data ss:Type="String">465686.fid2</Data></Cell><Cell ss:StyleID="s22"><Data ss:Type="String">14.36***</Data></Cell></Row><Row><Cell ss:StyleID="s32"><Data ss:Type="String"></Data></Cell><Cell ss:StyleID="s22"><Data ss:Type="String">(0.731)</Data></Cell></Row><Row><Cell ss:StyleID="s32"><Data ss:Type="String">476362.fid2</Data></Cell><Cell ss:StyleID="s22"><Data ss:Type="String">11.21***</Data></Cell></Row><Row><Cell ss:StyleID="s32"><Data ss:Type="String"></Data></Cell><Cell ss:StyleID="s22"><Data ss:Type="String">(1.338)</Data></Cell></Row><Row><Cell ss:StyleID="s32"><Data ss:Type="String">491045.fid2</Data></Cell><Cell ss:StyleID="s22"><Data ss:Type="String">9.947***</Data></Cell></Row><Row><Cell ss:StyleID="s32"><Data ss:Type="String"></Data></Cell><Cell ss:StyleID="s22"><Data ss:Type="String">(1.386)</Data></Cell></Row><Row><Cell ss:StyleID="s32"><Data ss:Type="String">491974.fid2</Data></Cell><Cell ss:StyleID="s22"><Data ss:Type="String">13.89***</Data></Cell></Row><Row><Cell ss:StyleID="s32"><Data ss:Type="String"></Data></Cell><Cell ss:StyleID="s22"><Data ss:Type="String">(1.236)</Data></Cell></Row><Row><Cell ss:StyleID="s32"><Data ss:Type="String">493945.fid2</Data></Cell><Cell ss:StyleID="s22"><Data ss:Type="String">8.318***</Data></Cell></Row><Row><Cell ss:StyleID="s32"><Data ss:Type="String"></Data></Cell><Cell ss:StyleID="s22"><Data ss:Type="String">(1.448)</Data></Cell></Row><Row><Cell ss:StyleID="s32"><Data ss:Type="String">498787.fid2</Data></Cell><Cell ss:StyleID="s22"><Data ss:Type="String">9.434***</Data></Cell></Row><Row><Cell ss:StyleID="s32"><Data ss:Type="String"></Data></Cell><Cell ss:StyleID="s22"><Data ss:Type="String">(1.332)</Data></Cell></Row><Row><Cell ss:StyleID="s32"><Data ss:Type="String">498833.fid2</Data></Cell><Cell ss:StyleID="s22"><Data ss:Type="String">6.925***</Data></Cell></Row><Row><Cell ss:StyleID="s32"><Data ss:Type="String"></Data></Cell><Cell ss:StyleID="s22"><Data ss:Type="String">(1.267)</Data></Cell></Row><Row><Cell ss:StyleID="s32"><Data ss:Type="String">507497.fid2</Data></Cell><Cell ss:StyleID="s22"><Data ss:Type="String">10.25***</Data></Cell></Row><Row><Cell ss:StyleID="s32"><Data ss:Type="String"></Data></Cell><Cell ss:StyleID="s22"><Data ss:Type="String">(1.365)</Data></Cell></Row><Row><Cell ss:StyleID="s32"><Data ss:Type="String">507763.fid2</Data></Cell><Cell ss:StyleID="s22"><Data ss:Type="String">10.43***</Data></Cell></Row><Row><Cell ss:StyleID="s32"><Data ss:Type="String"></Data></Cell><Cell ss:StyleID="s22"><Data ss:Type="String">(1.058)</Data></Cell></Row><Row><Cell ss:StyleID="s32"><Data ss:Type="String">520716.fid2</Data></Cell><Cell ss:StyleID="s22"><Data ss:Type="String">10.26***</Data></Cell></Row><Row><Cell ss:StyleID="s32"><Data ss:Type="String"></Data></Cell><Cell ss:StyleID="s22"><Data ss:Type="String">(1.208)</Data></Cell></Row><Row><Cell ss:StyleID="s32"><Data ss:Type="String">547588.fid2</Data></Cell><Cell ss:StyleID="s22"><Data ss:Type="String">6.705***</Data></Cell></Row><Row><Cell ss:StyleID="s32"><Data ss:Type="String"></Data></Cell><Cell ss:StyleID="s22"><Data ss:Type="String">(1.336)</Data></Cell></Row><Row><Cell ss:StyleID="s32"><Data ss:Type="String">565546.fid2</Data></Cell><Cell ss:StyleID="s22"><Data ss:Type="String">10.01***</Data></Cell></Row><Row><Cell ss:StyleID="s32"><Data ss:Type="String"></Data></Cell><Cell ss:StyleID="s22"><Data ss:Type="String">(1.487)</Data></Cell></Row><Row><Cell ss:StyleID="s32"><Data ss:Type="String">567845.fid2</Data></Cell><Cell ss:StyleID="s22"><Data ss:Type="String">11.23***</Data></Cell></Row><Row><Cell ss:StyleID="s32"><Data ss:Type="String"></Data></Cell><Cell ss:StyleID="s22"><Data ss:Type="String">(1.510)</Data></Cell></Row><Row><Cell ss:StyleID="s32"><Data ss:Type="String">576322.fid2</Data></Cell><Cell ss:StyleID="s22"><Data ss:Type="String">9.318***</Data></Cell></Row><Row><Cell ss:StyleID="s32"><Data ss:Type="String"></Data></Cell><Cell ss:StyleID="s22"><Data ss:Type="String">(1.628)</Data></Cell></Row><Row><Cell ss:StyleID="s32"><Data ss:Type="String">602208.fid2</Data></Cell><Cell ss:StyleID="s22"><Data ss:Type="String">10.85***</Data></Cell></Row><Row><Cell ss:StyleID="s32"><Data ss:Type="String"></Data></Cell><Cell ss:StyleID="s22"><Data ss:Type="String">(1.236)</Data></Cell></Row><Row><Cell ss:StyleID="s32"><Data ss:Type="String">608097.fid2</Data></Cell><Cell ss:StyleID="s22"><Data ss:Type="String">8.467***</Data></Cell></Row><Row><Cell ss:StyleID="s32"><Data ss:Type="String"></Data></Cell><Cell ss:StyleID="s22"><Data ss:Type="String">(1.488)</Data></Cell></Row><Row><Cell ss:StyleID="s32"><Data ss:Type="String">633606.fid2</Data></Cell><Cell ss:StyleID="s22"><Data ss:Type="String">10.23***</Data></Cell></Row><Row><Cell ss:StyleID="s32"><Data ss:Type="String"></Data></Cell><Cell ss:StyleID="s22"><Data ss:Type="String">(1.804)</Data></Cell></Row><Row><Cell ss:StyleID="s32"><Data ss:Type="String">637631.fid2</Data></Cell><Cell ss:StyleID="s22"><Data ss:Type="String">8.975***</Data></Cell></Row><Row><Cell ss:StyleID="s32"><Data ss:Type="String"></Data></Cell><Cell ss:StyleID="s22"><Data ss:Type="String">(1.260)</Data></Cell></Row><Row><Cell ss:StyleID="s32"><Data ss:Type="String">646225.fid2</Data></Cell><Cell ss:StyleID="s22"><Data ss:Type="String">11.69***</Data></Cell></Row><Row><Cell ss:StyleID="s32"><Data ss:Type="String"></Data></Cell><Cell ss:StyleID="s22"><Data ss:Type="String">(1.470)</Data></Cell></Row><Row><Cell ss:StyleID="s32"><Data ss:Type="String">646571.fid2</Data></Cell><Cell ss:StyleID="s22"><Data ss:Type="String">7.527***</Data></Cell></Row><Row><Cell ss:StyleID="s32"><Data ss:Type="String"></Data></Cell><Cell ss:StyleID="s22"><Data ss:Type="String">(1.541)</Data></Cell></Row><Row><Cell ss:StyleID="s32"><Data ss:Type="String">648224.fid2</Data></Cell><Cell ss:StyleID="s22"><Data ss:Type="String">10.53***</Data></Cell></Row><Row><Cell ss:StyleID="s32"><Data ss:Type="String"></Data></Cell><Cell ss:StyleID="s22"><Data ss:Type="String">(1.229)</Data></Cell></Row><Row><Cell ss:StyleID="s32"><Data ss:Type="String">650909.fid2</Data></Cell><Cell ss:StyleID="s22"><Data ss:Type="String">9.273***</Data></Cell></Row><Row><Cell ss:StyleID="s32"><Data ss:Type="String"></Data></Cell><Cell ss:StyleID="s22"><Data ss:Type="String">(1.666)</Data></Cell></Row><Row><Cell ss:StyleID="s32"><Data ss:Type="String">659671.fid2</Data></Cell><Cell ss:StyleID="s22"><Data ss:Type="String">9.765***</Data></Cell></Row><Row><Cell ss:StyleID="s32"><Data ss:Type="String"></Data></Cell><Cell ss:StyleID="s22"><Data ss:Type="String">(1.837)</Data></Cell></Row><Row><Cell ss:StyleID="s32"><Data ss:Type="String">660584.fid2</Data></Cell><Cell ss:StyleID="s22"><Data ss:Type="String">9.683***</Data></Cell></Row><Row><Cell ss:StyleID="s32"><Data ss:Type="String"></Data></Cell><Cell ss:StyleID="s22"><Data ss:Type="String">(1.299)</Data></Cell></Row><Row><Cell ss:StyleID="s32"><Data ss:Type="String">673855.fid2</Data></Cell><Cell ss:StyleID="s22"><Data ss:Type="String">10.05***</Data></Cell></Row><Row><Cell ss:StyleID="s32"><Data ss:Type="String"></Data></Cell><Cell ss:StyleID="s22"><Data ss:Type="String">(1.018)</Data></Cell></Row><Row><Cell ss:StyleID="s32"><Data ss:Type="String">679169.fid2</Data></Cell><Cell ss:StyleID="s22"><Data ss:Type="String">9.394***</Data></Cell></Row><Row><Cell ss:StyleID="s32"><Data ss:Type="String"></Data></Cell><Cell ss:StyleID="s22"><Data ss:Type="String">(1.236)</Data></Cell></Row><Row><Cell ss:StyleID="s32"><Data ss:Type="String">706116.fid2</Data></Cell><Cell ss:StyleID="s22"><Data ss:Type="String">8.814***</Data></Cell></Row><Row><Cell ss:StyleID="s32"><Data ss:Type="String"></Data></Cell><Cell ss:StyleID="s22"><Data ss:Type="String">(1.726)</Data></Cell></Row><Row><Cell ss:StyleID="s32"><Data ss:Type="String">717146.fid2</Data></Cell><Cell ss:StyleID="s22"><Data ss:Type="String">10.72***</Data></Cell></Row><Row><Cell ss:StyleID="s32"><Data ss:Type="String"></Data></Cell><Cell ss:StyleID="s22"><Data ss:Type="String">(3.276)</Data></Cell></Row><Row><Cell ss:StyleID="s32"><Data ss:Type="String">742046.fid2</Data></Cell><Cell ss:StyleID="s22"><Data ss:Type="String">10.70***</Data></Cell></Row><Row><Cell ss:StyleID="s32"><Data ss:Type="String"></Data></Cell><Cell ss:StyleID="s22"><Data ss:Type="String">(1.046)</Data></Cell></Row><Row><Cell ss:StyleID="s32"><Data ss:Type="String">749402.fid2</Data></Cell><Cell ss:StyleID="s22"><Data ss:Type="String">10.14***</Data></Cell></Row><Row><Cell ss:StyleID="s32"><Data ss:Type="String"></Data></Cell><Cell ss:StyleID="s22"><Data ss:Type="String">(1.768)</Data></Cell></Row><Row><Cell ss:StyleID="s32"><Data ss:Type="String">756649.fid2</Data></Cell><Cell ss:StyleID="s22"><Data ss:Type="String">9.393***</Data></Cell></Row><Row><Cell ss:StyleID="s32"><Data ss:Type="String"></Data></Cell><Cell ss:StyleID="s22"><Data ss:Type="String">(1.357)</Data></Cell></Row><Row><Cell ss:StyleID="s32"><Data ss:Type="String">768953.fid2</Data></Cell><Cell ss:StyleID="s22"><Data ss:Type="String">9.615***</Data></Cell></Row><Row><Cell ss:StyleID="s32"><Data ss:Type="String"></Data></Cell><Cell ss:StyleID="s22"><Data ss:Type="String">(1.462)</Data></Cell></Row><Row><Cell ss:StyleID="s32"><Data ss:Type="String">781123.fid2</Data></Cell><Cell ss:StyleID="s22"><Data ss:Type="String">11.08***</Data></Cell></Row><Row><Cell ss:StyleID="s32"><Data ss:Type="String"></Data></Cell><Cell ss:StyleID="s22"><Data ss:Type="String">(1.521)</Data></Cell></Row><Row><Cell ss:StyleID="s32"><Data ss:Type="String">786003.fid2</Data></Cell><Cell ss:StyleID="s22"><Data ss:Type="String">9.156***</Data></Cell></Row><Row><Cell ss:StyleID="s32"><Data ss:Type="String"></Data></Cell><Cell ss:StyleID="s22"><Data ss:Type="String">(1.663)</Data></Cell></Row><Row><Cell ss:StyleID="s32"><Data ss:Type="String">787629.fid2</Data></Cell><Cell ss:StyleID="s22"><Data ss:Type="String">8.767***</Data></Cell></Row><Row><Cell ss:StyleID="s32"><Data ss:Type="String"></Data></Cell><Cell ss:StyleID="s22"><Data ss:Type="String">(1.259)</Data></Cell></Row><Row><Cell ss:StyleID="s32"><Data ss:Type="String">832139.fid2</Data></Cell><Cell ss:StyleID="s22"><Data ss:Type="String">10.23***</Data></Cell></Row><Row><Cell ss:StyleID="s32"><Data ss:Type="String"></Data></Cell><Cell ss:StyleID="s22"><Data ss:Type="String">(1.824)</Data></Cell></Row><Row><Cell ss:StyleID="s32"><Data ss:Type="String">832164.fid2</Data></Cell><Cell ss:StyleID="s22"><Data ss:Type="String">9.612***</Data></Cell></Row><Row><Cell ss:StyleID="s32"><Data ss:Type="String"></Data></Cell><Cell ss:StyleID="s22"><Data ss:Type="String">(1.259)</Data></Cell></Row><Row><Cell ss:StyleID="s32"><Data ss:Type="String">832967.fid2</Data></Cell><Cell ss:StyleID="s22"><Data ss:Type="String">11.23***</Data></Cell></Row><Row><Cell ss:StyleID="s32"><Data ss:Type="String"></Data></Cell><Cell ss:StyleID="s22"><Data ss:Type="String">(1.578)</Data></Cell></Row><Row><Cell ss:StyleID="s32"><Data ss:Type="String">835611.fid2</Data></Cell><Cell ss:StyleID="s22"><Data ss:Type="String">9.965***</Data></Cell></Row><Row><Cell ss:StyleID="s32"><Data ss:Type="String"></Data></Cell><Cell ss:StyleID="s22"><Data ss:Type="String">(1.602)</Data></Cell></Row><Row><Cell ss:StyleID="s32"><Data ss:Type="String">839842.fid2</Data></Cell><Cell ss:StyleID="s22"><Data ss:Type="String">6.854***</Data></Cell></Row><Row><Cell ss:StyleID="s32"><Data ss:Type="String"></Data></Cell><Cell ss:StyleID="s22"><Data ss:Type="String">(1.436)</Data></Cell></Row><Row><Cell ss:StyleID="s32"><Data ss:Type="String">849095.fid2</Data></Cell><Cell ss:StyleID="s22"><Data ss:Type="String">8.278***</Data></Cell></Row><Row><Cell ss:StyleID="s32"><Data ss:Type="String"></Data></Cell><Cell ss:StyleID="s22"><Data ss:Type="String">(1.200)</Data></Cell></Row><Row><Cell ss:StyleID="s32"><Data ss:Type="String">857982.fid2</Data></Cell><Cell ss:StyleID="s22"><Data ss:Type="String">9.207***</Data></Cell></Row><Row><Cell ss:StyleID="s32"><Data ss:Type="String"></Data></Cell><Cell ss:StyleID="s22"><Data ss:Type="String">(1.614)</Data></Cell></Row><Row><Cell ss:StyleID="s32"><Data ss:Type="String">870766.fid2</Data></Cell><Cell ss:StyleID="s22"><Data ss:Type="String">10.37***</Data></Cell></Row><Row><Cell ss:StyleID="s32"><Data ss:Type="String"></Data></Cell><Cell ss:StyleID="s22"><Data ss:Type="String">(1.598)</Data></Cell></Row><Row><Cell ss:StyleID="s32"><Data ss:Type="String">871784.fid2</Data></Cell><Cell ss:StyleID="s22"><Data ss:Type="String">9.483***</Data></Cell></Row><Row><Cell ss:StyleID="s32"><Data ss:Type="String"></Data></Cell><Cell ss:StyleID="s22"><Data ss:Type="String">(1.328)</Data></Cell></Row><Row><Cell ss:StyleID="s32"><Data ss:Type="String">872422.fid2</Data></Cell><Cell ss:StyleID="s22"><Data ss:Type="String">10.21***</Data></Cell></Row><Row><Cell ss:StyleID="s32"><Data ss:Type="String"></Data></Cell><Cell ss:StyleID="s22"><Data ss:Type="String">(1.498)</Data></Cell></Row><Row><Cell ss:StyleID="s32"><Data ss:Type="String">872479.fid2</Data></Cell><Cell ss:StyleID="s22"><Data ss:Type="String">10.10***</Data></Cell></Row><Row><Cell ss:StyleID="s32"><Data ss:Type="String"></Data></Cell><Cell ss:StyleID="s22"><Data ss:Type="String">(1.305)</Data></Cell></Row><Row><Cell ss:StyleID="s32"><Data ss:Type="String">880160.fid2</Data></Cell><Cell ss:StyleID="s22"><Data ss:Type="String">11.32***</Data></Cell></Row><Row><Cell ss:StyleID="s32"><Data ss:Type="String"></Data></Cell><Cell ss:StyleID="s22"><Data ss:Type="String">(1.685)</Data></Cell></Row><Row><Cell ss:StyleID="s32"><Data ss:Type="String">880549.fid2</Data></Cell><Cell ss:StyleID="s22"><Data ss:Type="String">11.82***</Data></Cell></Row><Row><Cell ss:StyleID="s32"><Data ss:Type="String"></Data></Cell><Cell ss:StyleID="s22"><Data ss:Type="String">(1.251)</Data></Cell></Row><Row><Cell ss:StyleID="s32"><Data ss:Type="String">886616.fid2</Data></Cell><Cell ss:StyleID="s22"><Data ss:Type="String">10.13***</Data></Cell></Row><Row><Cell ss:StyleID="s32"><Data ss:Type="String"></Data></Cell><Cell ss:StyleID="s22"><Data ss:Type="String">(1.382)</Data></Cell></Row><Row><Cell ss:StyleID="s32"><Data ss:Type="String">892859.fid2</Data></Cell><Cell ss:StyleID="s22"><Data ss:Type="String">9.910***</Data></Cell></Row><Row><Cell ss:StyleID="s32"><Data ss:Type="String"></Data></Cell><Cell ss:StyleID="s22"><Data ss:Type="String">(1.611)</Data></Cell></Row><Row><Cell ss:StyleID="s32"><Data ss:Type="String">894154.fid2</Data></Cell><Cell ss:StyleID="s22"><Data ss:Type="String">9.757***</Data></Cell></Row><Row><Cell ss:StyleID="s32"><Data ss:Type="String"></Data></Cell><Cell ss:StyleID="s22"><Data ss:Type="String">(1.169)</Data></Cell></Row><Row><Cell ss:StyleID="s32"><Data ss:Type="String">899348.fid2</Data></Cell><Cell ss:StyleID="s22"><Data ss:Type="String">9.539***</Data></Cell></Row><Row><Cell ss:StyleID="s32"><Data ss:Type="String"></Data></Cell><Cell ss:StyleID="s22"><Data ss:Type="String">(1.442)</Data></Cell></Row><Row><Cell ss:StyleID="s32"><Data ss:Type="String">904995.fid2</Data></Cell><Cell ss:StyleID="s22"><Data ss:Type="String">9.743***</Data></Cell></Row><Row><Cell ss:StyleID="s32"><Data ss:Type="String"></Data></Cell><Cell ss:StyleID="s22"><Data ss:Type="String">(1.434)</Data></Cell></Row><Row><Cell ss:StyleID="s32"><Data ss:Type="String">911971.fid2</Data></Cell><Cell ss:StyleID="s22"><Data ss:Type="String">8.332***</Data></Cell></Row><Row><Cell ss:StyleID="s32"><Data ss:Type="String"></Data></Cell><Cell ss:StyleID="s22"><Data ss:Type="String">(1.713)</Data></Cell></Row><Row><Cell ss:StyleID="s32"><Data ss:Type="String">933749.fid2</Data></Cell><Cell ss:StyleID="s22"><Data ss:Type="String">9.603***</Data></Cell></Row><Row><Cell ss:StyleID="s32"><Data ss:Type="String"></Data></Cell><Cell ss:StyleID="s22"><Data ss:Type="String">(1.293)</Data></Cell></Row><Row><Cell ss:StyleID="s32"><Data ss:Type="String">937253.fid2</Data></Cell><Cell ss:StyleID="s22"><Data ss:Type="String">9.726***</Data></Cell></Row><Row><Cell ss:StyleID="s32"><Data ss:Type="String"></Data></Cell><Cell ss:StyleID="s22"><Data ss:Type="String">(1.424)</Data></Cell></Row><Row><Cell ss:StyleID="s32"><Data ss:Type="String">939587.fid2</Data></Cell><Cell ss:StyleID="s22"><Data ss:Type="String">10.79***</Data></Cell></Row><Row><Cell ss:StyleID="s32"><Data ss:Type="String"></Data></Cell><Cell ss:StyleID="s22"><Data ss:Type="String">(1.214)</Data></Cell></Row><Row><Cell ss:StyleID="s32"><Data ss:Type="String">940434.fid2</Data></Cell><Cell ss:StyleID="s22"><Data ss:Type="String">11.14***</Data></Cell></Row><Row><Cell ss:StyleID="s32"><Data ss:Type="String"></Data></Cell><Cell ss:StyleID="s22"><Data ss:Type="String">(1.315)</Data></Cell></Row><Row><Cell ss:StyleID="s32"><Data ss:Type="String">940989.fid2</Data></Cell><Cell ss:StyleID="s22"><Data ss:Type="String">6.504***</Data></Cell></Row><Row><Cell ss:StyleID="s32"><Data ss:Type="String"></Data></Cell><Cell ss:StyleID="s22"><Data ss:Type="String">(1.075)</Data></Cell></Row><Row><Cell ss:StyleID="s32"><Data ss:Type="String">964517.fid2</Data></Cell><Cell ss:StyleID="s22"><Data ss:Type="String">9.953***</Data></Cell></Row><Row><Cell ss:StyleID="s32"><Data ss:Type="String"></Data></Cell><Cell ss:StyleID="s22"><Data ss:Type="String">(1.832)</Data></Cell></Row><Row><Cell ss:StyleID="s32"><Data ss:Type="String">973598.fid2</Data></Cell><Cell ss:StyleID="s22"><Data ss:Type="String">9.525***</Data></Cell></Row><Row><Cell ss:StyleID="s32"><Data ss:Type="String"></Data></Cell><Cell ss:StyleID="s22"><Data ss:Type="String">(1.603)</Data></Cell></Row><Row><Cell ss:StyleID="s32"><Data ss:Type="String">984339.fid2</Data></Cell><Cell ss:StyleID="s22"><Data ss:Type="String">12.33***</Data></Cell></Row><Row><Cell ss:StyleID="s32"><Data ss:Type="String"></Data></Cell><Cell ss:StyleID="s22"><Data ss:Type="String">(2.323)</Data></Cell></Row><Row><Cell ss:StyleID="s32"><Data ss:Type="String">10396.fid3</Data></Cell><Cell ss:StyleID="s22"><Data ss:Type="String">4.765***</Data></Cell></Row><Row><Cell ss:StyleID="s32"><Data ss:Type="String"></Data></Cell><Cell ss:StyleID="s22"><Data ss:Type="String">(1.412)</Data></Cell></Row><Row><Cell ss:StyleID="s32"><Data ss:Type="String">17753.fid3</Data></Cell><Cell ss:StyleID="s22"><Data ss:Type="String">2.928**</Data></Cell></Row><Row><Cell ss:StyleID="s32"><Data ss:Type="String"></Data></Cell><Cell ss:StyleID="s22"><Data ss:Type="String">(1.209)</Data></Cell></Row><Row><Cell ss:StyleID="s32"><Data ss:Type="String">20051.fid3</Data></Cell><Cell ss:StyleID="s22"><Data ss:Type="String">4.730***</Data></Cell></Row><Row><Cell ss:StyleID="s32"><Data ss:Type="String"></Data></Cell><Cell ss:StyleID="s22"><Data ss:Type="String">(1.524)</Data></Cell></Row><Row><Cell ss:StyleID="s32"><Data ss:Type="String">24499.fid3</Data></Cell><Cell ss:StyleID="s22"><Data ss:Type="String">3.682***</Data></Cell></Row><Row><Cell ss:StyleID="s32"><Data ss:Type="String"></Data></Cell><Cell ss:StyleID="s22"><Data ss:Type="String">(1.299)</Data></Cell></Row><Row><Cell ss:StyleID="s32"><Data ss:Type="String">37871.fid3</Data></Cell><Cell ss:StyleID="s22"><Data ss:Type="String">4.599***</Data></Cell></Row><Row><Cell ss:StyleID="s32"><Data ss:Type="String"></Data></Cell><Cell ss:StyleID="s22"><Data ss:Type="String">(1.170)</Data></Cell></Row><Row><Cell ss:StyleID="s32"><Data ss:Type="String">39067.fid3</Data></Cell><Cell ss:StyleID="s22"><Data ss:Type="String">5.811***</Data></Cell></Row><Row><Cell ss:StyleID="s32"><Data ss:Type="String"></Data></Cell><Cell ss:StyleID="s22"><Data ss:Type="String">(1.343)</Data></Cell></Row><Row><Cell ss:StyleID="s32"><Data ss:Type="String">41069.fid3</Data></Cell><Cell ss:StyleID="s22"><Data ss:Type="String">1.146</Data></Cell></Row><Row><Cell ss:StyleID="s32"><Data ss:Type="String"></Data></Cell><Cell ss:StyleID="s22"><Data ss:Type="String">(4.229)</Data></Cell></Row><Row><Cell ss:StyleID="s32"><Data ss:Type="String">59906.fid3</Data></Cell><Cell ss:StyleID="s22"><Data ss:Type="String">3.673**</Data></Cell></Row><Row><Cell ss:StyleID="s32"><Data ss:Type="String"></Data></Cell><Cell ss:StyleID="s22"><Data ss:Type="String">(1.475)</Data></Cell></Row><Row><Cell ss:StyleID="s32"><Data ss:Type="String">66812.fid3</Data></Cell><Cell ss:StyleID="s22"><Data ss:Type="String">4.593***</Data></Cell></Row><Row><Cell ss:StyleID="s32"><Data ss:Type="String"></Data></Cell><Cell ss:StyleID="s22"><Data ss:Type="String">(1.299)</Data></Cell></Row><Row><Cell ss:StyleID="s32"><Data ss:Type="String">76062.fid3</Data></Cell><Cell ss:StyleID="s22"><Data ss:Type="String">5.001***</Data></Cell></Row><Row><Cell ss:StyleID="s32"><Data ss:Type="String"></Data></Cell><Cell ss:StyleID="s22"><Data ss:Type="String">(1.137)</Data></Cell></Row><Row><Cell ss:StyleID="s32"><Data ss:Type="String">80752.fid3</Data></Cell><Cell ss:StyleID="s22"><Data ss:Type="String">6.103***</Data></Cell></Row><Row><Cell ss:StyleID="s32"><Data ss:Type="String"></Data></Cell><Cell ss:StyleID="s22"><Data ss:Type="String">(1.222)</Data></Cell></Row><Row><Cell ss:StyleID="s32"><Data ss:Type="String">88783.fid3</Data></Cell><Cell ss:StyleID="s22"><Data ss:Type="String">3.956**</Data></Cell></Row><Row><Cell ss:StyleID="s32"><Data ss:Type="String"></Data></Cell><Cell ss:StyleID="s22"><Data ss:Type="String">(1.672)</Data></Cell></Row><Row><Cell ss:StyleID="s32"><Data ss:Type="String">100228.fid3</Data></Cell><Cell ss:StyleID="s22"><Data ss:Type="String">3.562***</Data></Cell></Row><Row><Cell ss:StyleID="s32"><Data ss:Type="String"></Data></Cell><Cell ss:StyleID="s22"><Data ss:Type="String">(1.226)</Data></Cell></Row><Row><Cell ss:StyleID="s32"><Data ss:Type="String">101547.fid3</Data></Cell><Cell ss:StyleID="s22"><Data ss:Type="String">1.896*</Data></Cell></Row><Row><Cell ss:StyleID="s32"><Data ss:Type="String"></Data></Cell><Cell ss:StyleID="s22"><Data ss:Type="String">(1.104)</Data></Cell></Row><Row><Cell ss:StyleID="s32"><Data ss:Type="String">108374.fid3</Data></Cell><Cell ss:StyleID="s22"><Data ss:Type="String">2.951**</Data></Cell></Row><Row><Cell ss:StyleID="s32"><Data ss:Type="String"></Data></Cell><Cell ss:StyleID="s22"><Data ss:Type="String">(1.361)</Data></Cell></Row><Row><Cell ss:StyleID="s32"><Data ss:Type="String">140045.fid3</Data></Cell><Cell ss:StyleID="s22"><Data ss:Type="String">4.503***</Data></Cell></Row><Row><Cell ss:StyleID="s32"><Data ss:Type="String"></Data></Cell><Cell ss:StyleID="s22"><Data ss:Type="String">(1.076)</Data></Cell></Row><Row><Cell ss:StyleID="s32"><Data ss:Type="String">141780.fid3</Data></Cell><Cell ss:StyleID="s22"><Data ss:Type="String">5.391***</Data></Cell></Row><Row><Cell ss:StyleID="s32"><Data ss:Type="String"></Data></Cell><Cell ss:StyleID="s22"><Data ss:Type="String">(1.337)</Data></Cell></Row><Row><Cell ss:StyleID="s32"><Data ss:Type="String">143291.fid3</Data></Cell><Cell ss:StyleID="s22"><Data ss:Type="String">3.342**</Data></Cell></Row><Row><Cell ss:StyleID="s32"><Data ss:Type="String"></Data></Cell><Cell ss:StyleID="s22"><Data ss:Type="String">(1.367)</Data></Cell></Row><Row><Cell ss:StyleID="s32"><Data ss:Type="String">159795.fid3</Data></Cell><Cell ss:StyleID="s22"><Data ss:Type="String">4.540*</Data></Cell></Row><Row><Cell ss:StyleID="s32"><Data ss:Type="String"></Data></Cell><Cell ss:StyleID="s22"><Data ss:Type="String">(2.593)</Data></Cell></Row><Row><Cell ss:StyleID="s32"><Data ss:Type="String">165079.fid3</Data></Cell><Cell ss:StyleID="s22"><Data ss:Type="String">6.474***</Data></Cell></Row><Row><Cell ss:StyleID="s32"><Data ss:Type="String"></Data></Cell><Cell ss:StyleID="s22"><Data ss:Type="String">(1.786)</Data></Cell></Row><Row><Cell ss:StyleID="s32"><Data ss:Type="String">169589.fid3</Data></Cell><Cell ss:StyleID="s22"><Data ss:Type="String">6.790***</Data></Cell></Row><Row><Cell ss:StyleID="s32"><Data ss:Type="String"></Data></Cell><Cell ss:StyleID="s22"><Data ss:Type="String">(1.737)</Data></Cell></Row><Row><Cell ss:StyleID="s32"><Data ss:Type="String">179705.fid3</Data></Cell><Cell ss:StyleID="s22"><Data ss:Type="String">4.118*</Data></Cell></Row><Row><Cell ss:StyleID="s32"><Data ss:Type="String"></Data></Cell><Cell ss:StyleID="s22"><Data ss:Type="String">(2.187)</Data></Cell></Row><Row><Cell ss:StyleID="s32"><Data ss:Type="String">213204.fid3</Data></Cell><Cell ss:StyleID="s22"><Data ss:Type="String">4.271***</Data></Cell></Row><Row><Cell ss:StyleID="s32"><Data ss:Type="String"></Data></Cell><Cell ss:StyleID="s22"><Data ss:Type="String">(1.259)</Data></Cell></Row><Row><Cell ss:StyleID="s32"><Data ss:Type="String">213618.fid3</Data></Cell><Cell ss:StyleID="s22"><Data ss:Type="String">1.369</Data></Cell></Row><Row><Cell ss:StyleID="s32"><Data ss:Type="String"></Data></Cell><Cell ss:StyleID="s22"><Data ss:Type="String">(1.888)</Data></Cell></Row><Row><Cell ss:StyleID="s32"><Data ss:Type="String">221931.fid3</Data></Cell><Cell ss:StyleID="s22"><Data ss:Type="String">4.966***</Data></Cell></Row><Row><Cell ss:StyleID="s32"><Data ss:Type="String"></Data></Cell><Cell ss:StyleID="s22"><Data ss:Type="String">(1.171)</Data></Cell></Row><Row><Cell ss:StyleID="s32"><Data ss:Type="String">226047.fid3</Data></Cell><Cell ss:StyleID="s22"><Data ss:Type="String">1.648</Data></Cell></Row><Row><Cell ss:StyleID="s32"><Data ss:Type="String"></Data></Cell><Cell ss:StyleID="s22"><Data ss:Type="String">(1.495)</Data></Cell></Row><Row><Cell ss:StyleID="s32"><Data ss:Type="String">235704.fid3</Data></Cell><Cell ss:StyleID="s22"><Data ss:Type="String">4.739***</Data></Cell></Row><Row><Cell ss:StyleID="s32"><Data ss:Type="String"></Data></Cell><Cell ss:StyleID="s22"><Data ss:Type="String">(1.684)</Data></Cell></Row><Row><Cell ss:StyleID="s32"><Data ss:Type="String">235844.fid3</Data></Cell><Cell ss:StyleID="s22"><Data ss:Type="String">6.527***</Data></Cell></Row><Row><Cell ss:StyleID="s32"><Data ss:Type="String"></Data></Cell><Cell ss:StyleID="s22"><Data ss:Type="String">(1.229)</Data></Cell></Row><Row><Cell ss:StyleID="s32"><Data ss:Type="String">236500.fid3</Data></Cell><Cell ss:StyleID="s22"><Data ss:Type="String">5.963***</Data></Cell></Row><Row><Cell ss:StyleID="s32"><Data ss:Type="String"></Data></Cell><Cell ss:StyleID="s22"><Data ss:Type="String">(2.251)</Data></Cell></Row><Row><Cell ss:StyleID="s32"><Data ss:Type="String">257083.fid3</Data></Cell><Cell ss:StyleID="s22"><Data ss:Type="String">2.701**</Data></Cell></Row><Row><Cell ss:StyleID="s32"><Data ss:Type="String"></Data></Cell><Cell ss:StyleID="s22"><Data ss:Type="String">(1.254)</Data></Cell></Row><Row><Cell ss:StyleID="s32"><Data ss:Type="String">258455.fid3</Data></Cell><Cell ss:StyleID="s22"><Data ss:Type="String">5.678***</Data></Cell></Row><Row><Cell ss:StyleID="s32"><Data ss:Type="String"></Data></Cell><Cell ss:StyleID="s22"><Data ss:Type="String">(1.654)</Data></Cell></Row><Row><Cell ss:StyleID="s32"><Data ss:Type="String">263743.fid3</Data></Cell><Cell ss:StyleID="s22"><Data ss:Type="String">0.806</Data></Cell></Row><Row><Cell ss:StyleID="s32"><Data ss:Type="String"></Data></Cell><Cell ss:StyleID="s22"><Data ss:Type="String">(1.387)</Data></Cell></Row><Row><Cell ss:StyleID="s32"><Data ss:Type="String">267646.fid3</Data></Cell><Cell ss:StyleID="s22"><Data ss:Type="String">4.213***</Data></Cell></Row><Row><Cell ss:StyleID="s32"><Data ss:Type="String"></Data></Cell><Cell ss:StyleID="s22"><Data ss:Type="String">(1.370)</Data></Cell></Row><Row><Cell ss:StyleID="s32"><Data ss:Type="String">288099.fid3</Data></Cell><Cell ss:StyleID="s22"><Data ss:Type="String">10.87***</Data></Cell></Row><Row><Cell ss:StyleID="s32"><Data ss:Type="String"></Data></Cell><Cell ss:StyleID="s22"><Data ss:Type="String">(1.672)</Data></Cell></Row><Row><Cell ss:StyleID="s32"><Data ss:Type="String">300954.fid3</Data></Cell><Cell ss:StyleID="s22"><Data ss:Type="String">1.702</Data></Cell></Row><Row><Cell ss:StyleID="s32"><Data ss:Type="String"></Data></Cell><Cell ss:StyleID="s22"><Data ss:Type="String">(2.984)</Data></Cell></Row><Row><Cell ss:StyleID="s32"><Data ss:Type="String">304043.fid3</Data></Cell><Cell ss:StyleID="s22"><Data ss:Type="String">1.329</Data></Cell></Row><Row><Cell ss:StyleID="s32"><Data ss:Type="String"></Data></Cell><Cell ss:StyleID="s22"><Data ss:Type="String">(1.779)</Data></Cell></Row><Row><Cell ss:StyleID="s32"><Data ss:Type="String">315938.fid3</Data></Cell><Cell ss:StyleID="s22"><Data ss:Type="String">5.021***</Data></Cell></Row><Row><Cell ss:StyleID="s32"><Data ss:Type="String"></Data></Cell><Cell ss:StyleID="s22"><Data ss:Type="String">(1.715)</Data></Cell></Row><Row><Cell ss:StyleID="s32"><Data ss:Type="String">327319.fid3</Data></Cell><Cell ss:StyleID="s22"><Data ss:Type="String">0.837</Data></Cell></Row><Row><Cell ss:StyleID="s32"><Data ss:Type="String"></Data></Cell><Cell ss:StyleID="s22"><Data ss:Type="String">(2.508)</Data></Cell></Row><Row><Cell ss:StyleID="s32"><Data ss:Type="String">335207.fid3</Data></Cell><Cell ss:StyleID="s22"><Data ss:Type="String">4.879**</Data></Cell></Row><Row><Cell ss:StyleID="s32"><Data ss:Type="String"></Data></Cell><Cell ss:StyleID="s22"><Data ss:Type="String">(2.478)</Data></Cell></Row><Row><Cell ss:StyleID="s32"><Data ss:Type="String">337257.fid3</Data></Cell><Cell ss:StyleID="s22"><Data ss:Type="String">3.370***</Data></Cell></Row><Row><Cell ss:StyleID="s32"><Data ss:Type="String"></Data></Cell><Cell ss:StyleID="s22"><Data ss:Type="String">(1.290)</Data></Cell></Row><Row><Cell ss:StyleID="s32"><Data ss:Type="String">337679.fid3</Data></Cell><Cell ss:StyleID="s22"><Data ss:Type="String">6.460***</Data></Cell></Row><Row><Cell ss:StyleID="s32"><Data ss:Type="String"></Data></Cell><Cell ss:StyleID="s22"><Data ss:Type="String">(1.488)</Data></Cell></Row><Row><Cell ss:StyleID="s32"><Data ss:Type="String">341993.fid3</Data></Cell><Cell ss:StyleID="s22"><Data ss:Type="String">4.006***</Data></Cell></Row><Row><Cell ss:StyleID="s32"><Data ss:Type="String"></Data></Cell><Cell ss:StyleID="s22"><Data ss:Type="String">(1.253)</Data></Cell></Row><Row><Cell ss:StyleID="s32"><Data ss:Type="String">342299.fid3</Data></Cell><Cell ss:StyleID="s22"><Data ss:Type="String">4.896***</Data></Cell></Row><Row><Cell ss:StyleID="s32"><Data ss:Type="String"></Data></Cell><Cell ss:StyleID="s22"><Data ss:Type="String">(1.595)</Data></Cell></Row><Row><Cell ss:StyleID="s32"><Data ss:Type="String">342356.fid3</Data></Cell><Cell ss:StyleID="s22"><Data ss:Type="String">3.429**</Data></Cell></Row><Row><Cell ss:StyleID="s32"><Data ss:Type="String"></Data></Cell><Cell ss:StyleID="s22"><Data ss:Type="String">(1.657)</Data></Cell></Row><Row><Cell ss:StyleID="s32"><Data ss:Type="String">352788.fid3</Data></Cell><Cell ss:StyleID="s22"><Data ss:Type="String">4.926***</Data></Cell></Row><Row><Cell ss:StyleID="s32"><Data ss:Type="String"></Data></Cell><Cell ss:StyleID="s22"><Data ss:Type="String">(1.369)</Data></Cell></Row><Row><Cell ss:StyleID="s32"><Data ss:Type="String">359757.fid3</Data></Cell><Cell ss:StyleID="s22"><Data ss:Type="String">3.267*</Data></Cell></Row><Row><Cell ss:StyleID="s32"><Data ss:Type="String"></Data></Cell><Cell ss:StyleID="s22"><Data ss:Type="String">(1.809)</Data></Cell></Row><Row><Cell ss:StyleID="s32"><Data ss:Type="String">363672.fid3</Data></Cell><Cell ss:StyleID="s22"><Data ss:Type="String">2.837**</Data></Cell></Row><Row><Cell ss:StyleID="s32"><Data ss:Type="String"></Data></Cell><Cell ss:StyleID="s22"><Data ss:Type="String">(1.331)</Data></Cell></Row><Row><Cell ss:StyleID="s32"><Data ss:Type="String">365393.fid3</Data></Cell><Cell ss:StyleID="s22"><Data ss:Type="String">5.417***</Data></Cell></Row><Row><Cell ss:StyleID="s32"><Data ss:Type="String"></Data></Cell><Cell ss:StyleID="s22"><Data ss:Type="String">(2.099)</Data></Cell></Row><Row><Cell ss:StyleID="s32"><Data ss:Type="String">367600.fid3</Data></Cell><Cell ss:StyleID="s22"><Data ss:Type="String">4.829***</Data></Cell></Row><Row><Cell ss:StyleID="s32"><Data ss:Type="String"></Data></Cell><Cell ss:StyleID="s22"><Data ss:Type="String">(1.281)</Data></Cell></Row><Row><Cell ss:StyleID="s32"><Data ss:Type="String">381787.fid3</Data></Cell><Cell ss:StyleID="s22"><Data ss:Type="String">2.846*</Data></Cell></Row><Row><Cell ss:StyleID="s32"><Data ss:Type="String"></Data></Cell><Cell ss:StyleID="s22"><Data ss:Type="String">(1.676)</Data></Cell></Row><Row><Cell ss:StyleID="s32"><Data ss:Type="String">382583.fid3</Data></Cell><Cell ss:StyleID="s22"><Data ss:Type="String">5.100***</Data></Cell></Row><Row><Cell ss:StyleID="s32"><Data ss:Type="String"></Data></Cell><Cell ss:StyleID="s22"><Data ss:Type="String">(1.453)</Data></Cell></Row><Row><Cell ss:StyleID="s32"><Data ss:Type="String">409862.fid3</Data></Cell><Cell ss:StyleID="s22"><Data ss:Type="String">4.979***</Data></Cell></Row><Row><Cell ss:StyleID="s32"><Data ss:Type="String"></Data></Cell><Cell ss:StyleID="s22"><Data ss:Type="String">(1.239)</Data></Cell></Row><Row><Cell ss:StyleID="s32"><Data ss:Type="String">411579.fid3</Data></Cell><Cell ss:StyleID="s22"><Data ss:Type="String">2.861*</Data></Cell></Row><Row><Cell ss:StyleID="s32"><Data ss:Type="String"></Data></Cell><Cell ss:StyleID="s22"><Data ss:Type="String">(1.606)</Data></Cell></Row><Row><Cell ss:StyleID="s32"><Data ss:Type="String">414393.fid3</Data></Cell><Cell ss:StyleID="s22"><Data ss:Type="String">6.893***</Data></Cell></Row><Row><Cell ss:StyleID="s32"><Data ss:Type="String"></Data></Cell><Cell ss:StyleID="s22"><Data ss:Type="String">(1.503)</Data></Cell></Row><Row><Cell ss:StyleID="s32"><Data ss:Type="String">419768.fid3</Data></Cell><Cell ss:StyleID="s22"><Data ss:Type="String">3.596**</Data></Cell></Row><Row><Cell ss:StyleID="s32"><Data ss:Type="String"></Data></Cell><Cell ss:StyleID="s22"><Data ss:Type="String">(1.684)</Data></Cell></Row><Row><Cell ss:StyleID="s32"><Data ss:Type="String">436510.fid3</Data></Cell><Cell ss:StyleID="s22"><Data ss:Type="String">3.423***</Data></Cell></Row><Row><Cell ss:StyleID="s32"><Data ss:Type="String"></Data></Cell><Cell ss:StyleID="s22"><Data ss:Type="String">(1.121)</Data></Cell></Row><Row><Cell ss:StyleID="s32"><Data ss:Type="String">437487.fid3</Data></Cell><Cell ss:StyleID="s22"><Data ss:Type="String">4.689***</Data></Cell></Row><Row><Cell ss:StyleID="s32"><Data ss:Type="String"></Data></Cell><Cell ss:StyleID="s22"><Data ss:Type="String">(1.734)</Data></Cell></Row><Row><Cell ss:StyleID="s32"><Data ss:Type="String">438149.fid3</Data></Cell><Cell ss:StyleID="s22"><Data ss:Type="String">6.167***</Data></Cell></Row><Row><Cell ss:StyleID="s32"><Data ss:Type="String"></Data></Cell><Cell ss:StyleID="s22"><Data ss:Type="String">(1.142)</Data></Cell></Row><Row><Cell ss:StyleID="s32"><Data ss:Type="String">438384.fid3</Data></Cell><Cell ss:StyleID="s22"><Data ss:Type="String">2.277</Data></Cell></Row><Row><Cell ss:StyleID="s32"><Data ss:Type="String"></Data></Cell><Cell ss:StyleID="s22"><Data ss:Type="String">(1.811)</Data></Cell></Row><Row><Cell ss:StyleID="s32"><Data ss:Type="String">446127.fid3</Data></Cell><Cell ss:StyleID="s22"><Data ss:Type="String">4.571***</Data></Cell></Row><Row><Cell ss:StyleID="s32"><Data ss:Type="String"></Data></Cell><Cell ss:StyleID="s22"><Data ss:Type="String">(1.419)</Data></Cell></Row><Row><Cell ss:StyleID="s32"><Data ss:Type="String">452851.fid3</Data></Cell><Cell ss:StyleID="s22"><Data ss:Type="String">5.168***</Data></Cell></Row><Row><Cell ss:StyleID="s32"><Data ss:Type="String"></Data></Cell><Cell ss:StyleID="s22"><Data ss:Type="String">(1.313)</Data></Cell></Row><Row><Cell ss:StyleID="s32"><Data ss:Type="String">455524.fid3</Data></Cell><Cell ss:StyleID="s22"><Data ss:Type="String">5.263***</Data></Cell></Row><Row><Cell ss:StyleID="s32"><Data ss:Type="String"></Data></Cell><Cell ss:StyleID="s22"><Data ss:Type="String">(1.410)</Data></Cell></Row><Row><Cell ss:StyleID="s32"><Data ss:Type="String">456002.fid3</Data></Cell><Cell ss:StyleID="s22"><Data ss:Type="String">3.381***</Data></Cell></Row><Row><Cell ss:StyleID="s32"><Data ss:Type="String"></Data></Cell><Cell ss:StyleID="s22"><Data ss:Type="String">(1.162)</Data></Cell></Row><Row><Cell ss:StyleID="s32"><Data ss:Type="String">456731.fid3</Data></Cell><Cell ss:StyleID="s22"><Data ss:Type="String">3.793***</Data></Cell></Row><Row><Cell ss:StyleID="s32"><Data ss:Type="String"></Data></Cell><Cell ss:StyleID="s22"><Data ss:Type="String">(1.233)</Data></Cell></Row><Row><Cell ss:StyleID="s32"><Data ss:Type="String">458818.fid3</Data></Cell><Cell ss:StyleID="s22"><Data ss:Type="String">6.061*</Data></Cell></Row><Row><Cell ss:StyleID="s32"><Data ss:Type="String"></Data></Cell><Cell ss:StyleID="s22"><Data ss:Type="String">(3.240)</Data></Cell></Row><Row><Cell ss:StyleID="s32"><Data ss:Type="String">464258.fid3</Data></Cell><Cell ss:StyleID="s22"><Data ss:Type="String">3.473***</Data></Cell></Row><Row><Cell ss:StyleID="s32"><Data ss:Type="String"></Data></Cell><Cell ss:StyleID="s22"><Data ss:Type="String">(1.204)</Data></Cell></Row><Row><Cell ss:StyleID="s32"><Data ss:Type="String">474463.fid3</Data></Cell><Cell ss:StyleID="s22"><Data ss:Type="String">15.31***</Data></Cell></Row><Row><Cell ss:StyleID="s32"><Data ss:Type="String"></Data></Cell><Cell ss:StyleID="s22"><Data ss:Type="String">(2.975)</Data></Cell></Row><Row><Cell ss:StyleID="s32"><Data ss:Type="String">484037.fid3</Data></Cell><Cell ss:StyleID="s22"><Data ss:Type="String">5.531***</Data></Cell></Row><Row><Cell ss:StyleID="s32"><Data ss:Type="String"></Data></Cell><Cell ss:StyleID="s22"><Data ss:Type="String">(1.421)</Data></Cell></Row><Row><Cell ss:StyleID="s32"><Data ss:Type="String">484921.fid3</Data></Cell><Cell ss:StyleID="s22"><Data ss:Type="String">4.046***</Data></Cell></Row><Row><Cell ss:StyleID="s32"><Data ss:Type="String"></Data></Cell><Cell ss:StyleID="s22"><Data ss:Type="String">(1.307)</Data></Cell></Row><Row><Cell ss:StyleID="s32"><Data ss:Type="String">485739.fid3</Data></Cell><Cell ss:StyleID="s22"><Data ss:Type="String">4.866***</Data></Cell></Row><Row><Cell ss:StyleID="s32"><Data ss:Type="String"></Data></Cell><Cell ss:StyleID="s22"><Data ss:Type="String">(1.467)</Data></Cell></Row><Row><Cell ss:StyleID="s32"><Data ss:Type="String">486165.fid3</Data></Cell><Cell ss:StyleID="s22"><Data ss:Type="String">2.670</Data></Cell></Row><Row><Cell ss:StyleID="s32"><Data ss:Type="String"></Data></Cell><Cell ss:StyleID="s22"><Data ss:Type="String">(1.853)</Data></Cell></Row><Row><Cell ss:StyleID="s32"><Data ss:Type="String">495812.fid3</Data></Cell><Cell ss:StyleID="s22"><Data ss:Type="String">2.720**</Data></Cell></Row><Row><Cell ss:StyleID="s32"><Data ss:Type="String"></Data></Cell><Cell ss:StyleID="s22"><Data ss:Type="String">(1.215)</Data></Cell></Row><Row><Cell ss:StyleID="s32"><Data ss:Type="String">509917.fid3</Data></Cell><Cell ss:StyleID="s22"><Data ss:Type="String">4.682***</Data></Cell></Row><Row><Cell ss:StyleID="s32"><Data ss:Type="String"></Data></Cell><Cell ss:StyleID="s22"><Data ss:Type="String">(1.325)</Data></Cell></Row><Row><Cell ss:StyleID="s32"><Data ss:Type="String">512468.fid3</Data></Cell><Cell ss:StyleID="s22"><Data ss:Type="String">3.181**</Data></Cell></Row><Row><Cell ss:StyleID="s32"><Data ss:Type="String"></Data></Cell><Cell ss:StyleID="s22"><Data ss:Type="String">(1.396)</Data></Cell></Row><Row><Cell ss:StyleID="s32"><Data ss:Type="String">533734.fid3</Data></Cell><Cell ss:StyleID="s22"><Data ss:Type="String">3.597**</Data></Cell></Row><Row><Cell ss:StyleID="s32"><Data ss:Type="String"></Data></Cell><Cell ss:StyleID="s22"><Data ss:Type="String">(1.527)</Data></Cell></Row><Row><Cell ss:StyleID="s32"><Data ss:Type="String">534155.fid3</Data></Cell><Cell ss:StyleID="s22"><Data ss:Type="String">2.494*</Data></Cell></Row><Row><Cell ss:StyleID="s32"><Data ss:Type="String"></Data></Cell><Cell ss:StyleID="s22"><Data ss:Type="String">(1.454)</Data></Cell></Row><Row><Cell ss:StyleID="s32"><Data ss:Type="String">554861.fid3</Data></Cell><Cell ss:StyleID="s22"><Data ss:Type="String">0.652</Data></Cell></Row><Row><Cell ss:StyleID="s32"><Data ss:Type="String"></Data></Cell><Cell ss:StyleID="s22"><Data ss:Type="String">(1.572)</Data></Cell></Row><Row><Cell ss:StyleID="s32"><Data ss:Type="String">564439.fid3</Data></Cell><Cell ss:StyleID="s22"><Data ss:Type="String">4.055***</Data></Cell></Row><Row><Cell ss:StyleID="s32"><Data ss:Type="String"></Data></Cell><Cell ss:StyleID="s22"><Data ss:Type="String">(1.082)</Data></Cell></Row><Row><Cell ss:StyleID="s32"><Data ss:Type="String">596656.fid3</Data></Cell><Cell ss:StyleID="s22"><Data ss:Type="String">4.933***</Data></Cell></Row><Row><Cell ss:StyleID="s32"><Data ss:Type="String"></Data></Cell><Cell ss:StyleID="s22"><Data ss:Type="String">(1.426)</Data></Cell></Row><Row><Cell ss:StyleID="s32"><Data ss:Type="String">602316.fid3</Data></Cell><Cell ss:StyleID="s22"><Data ss:Type="String">5.139***</Data></Cell></Row><Row><Cell ss:StyleID="s32"><Data ss:Type="String"></Data></Cell><Cell ss:StyleID="s22"><Data ss:Type="String">(1.678)</Data></Cell></Row><Row><Cell ss:StyleID="s32"><Data ss:Type="String">607875.fid3</Data></Cell><Cell ss:StyleID="s22"><Data ss:Type="String">2.941**</Data></Cell></Row><Row><Cell ss:StyleID="s32"><Data ss:Type="String"></Data></Cell><Cell ss:StyleID="s22"><Data ss:Type="String">(1.481)</Data></Cell></Row><Row><Cell ss:StyleID="s32"><Data ss:Type="String">610670.fid3</Data></Cell><Cell ss:StyleID="s22"><Data ss:Type="String">3.915***</Data></Cell></Row><Row><Cell ss:StyleID="s32"><Data ss:Type="String"></Data></Cell><Cell ss:StyleID="s22"><Data ss:Type="String">(1.248)</Data></Cell></Row><Row><Cell ss:StyleID="s32"><Data ss:Type="String">629895.fid3</Data></Cell><Cell ss:StyleID="s22"><Data ss:Type="String">4.869**</Data></Cell></Row><Row><Cell ss:StyleID="s32"><Data ss:Type="String"></Data></Cell><Cell ss:StyleID="s22"><Data ss:Type="String">(1.947)</Data></Cell></Row><Row><Cell ss:StyleID="s32"><Data ss:Type="String">645926.fid3</Data></Cell><Cell ss:StyleID="s22"><Data ss:Type="String">4.018**</Data></Cell></Row><Row><Cell ss:StyleID="s32"><Data ss:Type="String"></Data></Cell><Cell ss:StyleID="s22"><Data ss:Type="String">(1.766)</Data></Cell></Row><Row><Cell ss:StyleID="s32"><Data ss:Type="String">647136.fid3</Data></Cell><Cell ss:StyleID="s22"><Data ss:Type="String">2.524</Data></Cell></Row><Row><Cell ss:StyleID="s32"><Data ss:Type="String"></Data></Cell><Cell ss:StyleID="s22"><Data ss:Type="String">(1.822)</Data></Cell></Row><Row><Cell ss:StyleID="s32"><Data ss:Type="String">648924.fid3</Data></Cell><Cell ss:StyleID="s22"><Data ss:Type="String">2.791**</Data></Cell></Row><Row><Cell ss:StyleID="s32"><Data ss:Type="String"></Data></Cell><Cell ss:StyleID="s22"><Data ss:Type="String">(1.099)</Data></Cell></Row><Row><Cell ss:StyleID="s32"><Data ss:Type="String">676217.fid3</Data></Cell><Cell ss:StyleID="s22"><Data ss:Type="String">1.793</Data></Cell></Row><Row><Cell ss:StyleID="s32"><Data ss:Type="String"></Data></Cell><Cell ss:StyleID="s22"><Data ss:Type="String">(1.302)</Data></Cell></Row><Row><Cell ss:StyleID="s32"><Data ss:Type="String">677511.fid3</Data></Cell><Cell ss:StyleID="s22"><Data ss:Type="String">4.472***</Data></Cell></Row><Row><Cell ss:StyleID="s32"><Data ss:Type="String"></Data></Cell><Cell ss:StyleID="s22"><Data ss:Type="String">(1.056)</Data></Cell></Row><Row><Cell ss:StyleID="s32"><Data ss:Type="String">679169.fid3</Data></Cell><Cell ss:StyleID="s22"><Data ss:Type="String">4.217***</Data></Cell></Row><Row><Cell ss:StyleID="s32"><Data ss:Type="String"></Data></Cell><Cell ss:StyleID="s22"><Data ss:Type="String">(1.184)</Data></Cell></Row><Row><Cell ss:StyleID="s32"><Data ss:Type="String">683816.fid3</Data></Cell><Cell ss:StyleID="s22"><Data ss:Type="String">3.256***</Data></Cell></Row><Row><Cell ss:StyleID="s32"><Data ss:Type="String"></Data></Cell><Cell ss:StyleID="s22"><Data ss:Type="String">(1.212)</Data></Cell></Row><Row><Cell ss:StyleID="s32"><Data ss:Type="String">684510.fid3</Data></Cell><Cell ss:StyleID="s22"><Data ss:Type="String">6.752***</Data></Cell></Row><Row><Cell ss:StyleID="s32"><Data ss:Type="String"></Data></Cell><Cell ss:StyleID="s22"><Data ss:Type="String">(1.517)</Data></Cell></Row><Row><Cell ss:StyleID="s32"><Data ss:Type="String">689825.fid3</Data></Cell><Cell ss:StyleID="s22"><Data ss:Type="String">4.877***</Data></Cell></Row><Row><Cell ss:StyleID="s32"><Data ss:Type="String"></Data></Cell><Cell ss:StyleID="s22"><Data ss:Type="String">(1.658)</Data></Cell></Row><Row><Cell ss:StyleID="s32"><Data ss:Type="String">693442.fid3</Data></Cell><Cell ss:StyleID="s22"><Data ss:Type="String">3.059**</Data></Cell></Row><Row><Cell ss:StyleID="s32"><Data ss:Type="String"></Data></Cell><Cell ss:StyleID="s22"><Data ss:Type="String">(1.367)</Data></Cell></Row><Row><Cell ss:StyleID="s32"><Data ss:Type="String">696462.fid3</Data></Cell><Cell ss:StyleID="s22"><Data ss:Type="String">8.929***</Data></Cell></Row><Row><Cell ss:StyleID="s32"><Data ss:Type="String"></Data></Cell><Cell ss:StyleID="s22"><Data ss:Type="String">(1.137)</Data></Cell></Row><Row><Cell ss:StyleID="s32"><Data ss:Type="String">699139.fid3</Data></Cell><Cell ss:StyleID="s22"><Data ss:Type="String">6.845***</Data></Cell></Row><Row><Cell ss:StyleID="s32"><Data ss:Type="String"></Data></Cell><Cell ss:StyleID="s22"><Data ss:Type="String">(1.539)</Data></Cell></Row><Row><Cell ss:StyleID="s32"><Data ss:Type="String">707668.fid3</Data></Cell><Cell ss:StyleID="s22"><Data ss:Type="String">4.962**</Data></Cell></Row><Row><Cell ss:StyleID="s32"><Data ss:Type="String"></Data></Cell><Cell ss:StyleID="s22"><Data ss:Type="String">(2.153)</Data></Cell></Row><Row><Cell ss:StyleID="s32"><Data ss:Type="String">730484.fid3</Data></Cell><Cell ss:StyleID="s22"><Data ss:Type="String">4.130***</Data></Cell></Row><Row><Cell ss:StyleID="s32"><Data ss:Type="String"></Data></Cell><Cell ss:StyleID="s22"><Data ss:Type="String">(1.462)</Data></Cell></Row><Row><Cell ss:StyleID="s32"><Data ss:Type="String">733419.fid3</Data></Cell><Cell ss:StyleID="s22"><Data ss:Type="String">4.344***</Data></Cell></Row><Row><Cell ss:StyleID="s32"><Data ss:Type="String"></Data></Cell><Cell ss:StyleID="s22"><Data ss:Type="String">(1.407)</Data></Cell></Row><Row><Cell ss:StyleID="s32"><Data ss:Type="String">751970.fid3</Data></Cell><Cell ss:StyleID="s22"><Data ss:Type="String">4.612***</Data></Cell></Row><Row><Cell ss:StyleID="s32"><Data ss:Type="String"></Data></Cell><Cell ss:StyleID="s22"><Data ss:Type="String">(1.479)</Data></Cell></Row><Row><Cell ss:StyleID="s32"><Data ss:Type="String">752442.fid3</Data></Cell><Cell ss:StyleID="s22"><Data ss:Type="String">8.672***</Data></Cell></Row><Row><Cell ss:StyleID="s32"><Data ss:Type="String"></Data></Cell><Cell ss:StyleID="s22"><Data ss:Type="String">(1.175)</Data></Cell></Row><Row><Cell ss:StyleID="s32"><Data ss:Type="String">770287.fid3</Data></Cell><Cell ss:StyleID="s22"><Data ss:Type="String">5.847***</Data></Cell></Row><Row><Cell ss:StyleID="s32"><Data ss:Type="String"></Data></Cell><Cell ss:StyleID="s22"><Data ss:Type="String">(1.199)</Data></Cell></Row><Row><Cell ss:StyleID="s32"><Data ss:Type="String">774287.fid3</Data></Cell><Cell ss:StyleID="s22"><Data ss:Type="String">3.712***</Data></Cell></Row><Row><Cell ss:StyleID="s32"><Data ss:Type="String"></Data></Cell><Cell ss:StyleID="s22"><Data ss:Type="String">(1.200)</Data></Cell></Row><Row><Cell ss:StyleID="s32"><Data ss:Type="String">796584.fid3</Data></Cell><Cell ss:StyleID="s22"><Data ss:Type="String">4.188**</Data></Cell></Row><Row><Cell ss:StyleID="s32"><Data ss:Type="String"></Data></Cell><Cell ss:StyleID="s22"><Data ss:Type="String">(1.741)</Data></Cell></Row><Row><Cell ss:StyleID="s32"><Data ss:Type="String">811736.fid3</Data></Cell><Cell ss:StyleID="s22"><Data ss:Type="String">6.641***</Data></Cell></Row><Row><Cell ss:StyleID="s32"><Data ss:Type="String"></Data></Cell><Cell ss:StyleID="s22"><Data ss:Type="String">(2.106)</Data></Cell></Row><Row><Cell ss:StyleID="s32"><Data ss:Type="String">812847.fid3</Data></Cell><Cell ss:StyleID="s22"><Data ss:Type="String">3.734***</Data></Cell></Row><Row><Cell ss:StyleID="s32"><Data ss:Type="String"></Data></Cell><Cell ss:StyleID="s22"><Data ss:Type="String">(1.103)</Data></Cell></Row><Row><Cell ss:StyleID="s32"><Data ss:Type="String">814363.fid3</Data></Cell><Cell ss:StyleID="s22"><Data ss:Type="String">3.486***</Data></Cell></Row><Row><Cell ss:StyleID="s32"><Data ss:Type="String"></Data></Cell><Cell ss:StyleID="s22"><Data ss:Type="String">(1.147)</Data></Cell></Row><Row><Cell ss:StyleID="s32"><Data ss:Type="String">821694.fid3</Data></Cell><Cell ss:StyleID="s22"><Data ss:Type="String">2.841**</Data></Cell></Row><Row><Cell ss:StyleID="s32"><Data ss:Type="String"></Data></Cell><Cell ss:StyleID="s22"><Data ss:Type="String">(1.325)</Data></Cell></Row><Row><Cell ss:StyleID="s32"><Data ss:Type="String">822903.fid3</Data></Cell><Cell ss:StyleID="s22"><Data ss:Type="String">7.212***</Data></Cell></Row><Row><Cell ss:StyleID="s32"><Data ss:Type="String"></Data></Cell><Cell ss:StyleID="s22"><Data ss:Type="String">(1.596)</Data></Cell></Row><Row><Cell ss:StyleID="s32"><Data ss:Type="String">835611.fid3</Data></Cell><Cell ss:StyleID="s22"><Data ss:Type="String">4.924***</Data></Cell></Row><Row><Cell ss:StyleID="s32"><Data ss:Type="String"></Data></Cell><Cell ss:StyleID="s22"><Data ss:Type="String">(1.473)</Data></Cell></Row><Row><Cell ss:StyleID="s32"><Data ss:Type="String">839743.fid3</Data></Cell><Cell ss:StyleID="s22"><Data ss:Type="String">4.348***</Data></Cell></Row><Row><Cell ss:StyleID="s32"><Data ss:Type="String"></Data></Cell><Cell ss:StyleID="s22"><Data ss:Type="String">(1.157)</Data></Cell></Row><Row><Cell ss:StyleID="s32"><Data ss:Type="String">850241.fid3</Data></Cell><Cell ss:StyleID="s22"><Data ss:Type="String">4.237***</Data></Cell></Row><Row><Cell ss:StyleID="s32"><Data ss:Type="String"></Data></Cell><Cell ss:StyleID="s22"><Data ss:Type="String">(1.346)</Data></Cell></Row><Row><Cell ss:StyleID="s32"><Data ss:Type="String">857982.fid3</Data></Cell><Cell ss:StyleID="s22"><Data ss:Type="String">6.267**</Data></Cell></Row><Row><Cell ss:StyleID="s32"><Data ss:Type="String"></Data></Cell><Cell ss:StyleID="s22"><Data ss:Type="String">(2.595)</Data></Cell></Row><Row><Cell ss:StyleID="s32"><Data ss:Type="String">860126.fid3</Data></Cell><Cell ss:StyleID="s22"><Data ss:Type="String">4.791***</Data></Cell></Row><Row><Cell ss:StyleID="s32"><Data ss:Type="String"></Data></Cell><Cell ss:StyleID="s22"><Data ss:Type="String">(1.069)</Data></Cell></Row><Row><Cell ss:StyleID="s32"><Data ss:Type="String">862197.fid3</Data></Cell><Cell ss:StyleID="s22"><Data ss:Type="String">6.163***</Data></Cell></Row><Row><Cell ss:StyleID="s32"><Data ss:Type="String"></Data></Cell><Cell ss:StyleID="s22"><Data ss:Type="String">(1.408)</Data></Cell></Row><Row><Cell ss:StyleID="s32"><Data ss:Type="String">867692.fid3</Data></Cell><Cell ss:StyleID="s22"><Data ss:Type="String">5.333***</Data></Cell></Row><Row><Cell ss:StyleID="s32"><Data ss:Type="String"></Data></Cell><Cell ss:StyleID="s22"><Data ss:Type="String">(1.526)</Data></Cell></Row><Row><Cell ss:StyleID="s32"><Data ss:Type="String">871784.fid3</Data></Cell><Cell ss:StyleID="s22"><Data ss:Type="String">3.554**</Data></Cell></Row><Row><Cell ss:StyleID="s32"><Data ss:Type="String"></Data></Cell><Cell ss:StyleID="s22"><Data ss:Type="String">(1.383)</Data></Cell></Row><Row><Cell ss:StyleID="s32"><Data ss:Type="String">880160.fid3</Data></Cell><Cell ss:StyleID="s22"><Data ss:Type="String">2.401</Data></Cell></Row><Row><Cell ss:StyleID="s32"><Data ss:Type="String"></Data></Cell><Cell ss:StyleID="s22"><Data ss:Type="String">(1.721)</Data></Cell></Row><Row><Cell ss:StyleID="s32"><Data ss:Type="String">888887.fid3</Data></Cell><Cell ss:StyleID="s22"><Data ss:Type="String">1.750</Data></Cell></Row><Row><Cell ss:StyleID="s32"><Data ss:Type="String"></Data></Cell><Cell ss:StyleID="s22"><Data ss:Type="String">(2.179)</Data></Cell></Row><Row><Cell ss:StyleID="s32"><Data ss:Type="String">896177.fid3</Data></Cell><Cell ss:StyleID="s22"><Data ss:Type="String">5.165***</Data></Cell></Row><Row><Cell ss:StyleID="s32"><Data ss:Type="String"></Data></Cell><Cell ss:StyleID="s22"><Data ss:Type="String">(1.280)</Data></Cell></Row><Row><Cell ss:StyleID="s32"><Data ss:Type="String">910365.fid3</Data></Cell><Cell ss:StyleID="s22"><Data ss:Type="String">4.722***</Data></Cell></Row><Row><Cell ss:StyleID="s32"><Data ss:Type="String"></Data></Cell><Cell ss:StyleID="s22"><Data ss:Type="String">(1.489)</Data></Cell></Row><Row><Cell ss:StyleID="s32"><Data ss:Type="String">930142.fid3</Data></Cell><Cell ss:StyleID="s22"><Data ss:Type="String">3.546***</Data></Cell></Row><Row><Cell ss:StyleID="s32"><Data ss:Type="String"></Data></Cell><Cell ss:StyleID="s22"><Data ss:Type="String">(1.270)</Data></Cell></Row><Row><Cell ss:StyleID="s32"><Data ss:Type="String">940989.fid3</Data></Cell><Cell ss:StyleID="s22"><Data ss:Type="String">7.147***</Data></Cell></Row><Row><Cell ss:StyleID="s32"><Data ss:Type="String"></Data></Cell><Cell ss:StyleID="s22"><Data ss:Type="String">(1.424)</Data></Cell></Row><Row><Cell ss:StyleID="s32"><Data ss:Type="String">967272.fid3</Data></Cell><Cell ss:StyleID="s22"><Data ss:Type="String">4.356</Data></Cell></Row><Row><Cell ss:StyleID="s32"><Data ss:Type="String"></Data></Cell><Cell ss:StyleID="s22"><Data ss:Type="String">(3.176)</Data></Cell></Row><Row><Cell ss:StyleID="s32"><Data ss:Type="String">968756.fid3</Data></Cell><Cell ss:StyleID="s22"><Data ss:Type="String">2.695</Data></Cell></Row><Row><Cell ss:StyleID="s32"><Data ss:Type="String"></Data></Cell><Cell ss:StyleID="s22"><Data ss:Type="String">(1.784)</Data></Cell></Row><Row><Cell ss:StyleID="s32"><Data ss:Type="String">990627.fid3</Data></Cell><Cell ss:StyleID="s22"><Data ss:Type="String">-0.178</Data></Cell></Row><Row><Cell ss:StyleID="s32"><Data ss:Type="String"></Data></Cell><Cell ss:StyleID="s22"><Data ss:Type="String">(1.919)</Data></Cell></Row><Row><Cell ss:StyleID="s32"><Data ss:Type="String"></Data></Cell><Cell ss:StyleID="s22"><Data ss:Type="String"></Data></Cell></Row><Row><Cell ss:StyleID="s32"><Data ss:Type="String">Observations</Data></Cell><Cell ss:StyleID="s22"><Data ss:Type="String">2,209</Data></Cell></Row><Row><Cell ss:StyleID="s32"><Data ss:Type="String">R-squared</Data></Cell><Cell ss:StyleID="s22"><Data ss:Type="String">0.971</Data></Cell></Row><Row><Cell ss:StyleID="s33"><Data ss:Type="String">Interviewer FE</Data></Cell><Cell ss:StyleID="s23"><Data ss:Type="String">YES</Data></Cell></Row><Row><Cell ss:StyleID="s24"><Data ss:Type="String">Standard errors in parentheses</Data></Cell></Row><Row><Cell ss:StyleID="s24"><Data ss:Type="String">*** p&lt;0.01, ** p&lt;0.05, * p&lt;0.1</Data></Cell></Row></Table><WorksheetOptions xmlns="urn:schemas-microsoft-com:office:excel"><ProtectedObjects>False</ProtectedObjects><ProtectedScenarios>False</ProtectedScenarios></WorksheetOptions></Worksheet></Workbook>