<?xml version="1.0" encoding="US-ASCII" standalone="yes"?><?mso-application progid="Excel.Sheet"?><Workbook xmlns="urn:schemas-microsoft-com:office:spreadsheet" xmlns:o="urn:schemas-microsoft-com:office:office" xmlns:x="urn:schemas-microsoft-com:office:excel" xmlns:ss="urn:schemas-microsoft-com:office:spreadsheet" xmlns:html="http://www.w3.org/TR/REC-html40"><DocumentProperties xmlns="urn:schemas-microsoft-com:office:office"><Author></Author><LastAuthor></LastAuthor><Created></Created><LastSaved></LastSaved><Company></Company><Version></Version></DocumentProperties><ExcelWorkbook  xmlns="urn:schemas-microsoft-com:office:excel"><ProtectStructure>False</ProtectStructure><ProtectWindows>False</ProtectWindows></ExcelWorkbook><Styles><Style ss:ID="Default" ss:Name="Normal"><Alignment ss:Vertical="Bottom"/><Borders/><Font ss:FontName="Calibri" ss:Size="10"/><Interior/><NumberFormat/><Protection/></Style><Style ss:ID="s1"><Font ss:FontName="Calibri" ss:Bold="1" ss:Size="12"/><NumberFormat/></Style><Style ss:ID="s21"><Alignment ss:Horizontal="Center" ss:Vertical="Bottom"/><NumberFormat/><Font ss:FontName="Calibri" ss:Size="10"/><Borders><Border ss:Position="Top" ss:LineStyle="Continuous" ss:Weight="1"/></Borders></Style><Style ss:ID="s22"><Alignment ss:Horizontal="Center" ss:Vertical="Bottom"/><Font ss:FontName="Calibri" ss:Size="10"/><NumberFormat/></Style><Style ss:ID="s23"><Alignment ss:Horizontal="Center" ss:Vertical="Bottom"/><NumberFormat/><Font ss:FontName="Calibri" ss:Size="10"/><Borders><Border ss:Position="Bottom" ss:LineStyle="Continuous" ss:Weight="1"/></Borders></Style><Style ss:ID="s24"><Font ss:FontName="Calibri" ss:Size="10"/><NumberFormat/></Style><Style ss:ID="s31"><Font ss:FontName="Calibri" ss:Size="10"/><Borders><Border ss:Position="Top" ss:LineStyle="Continuous" ss:Weight="1"/></Borders></Style><Style ss:ID="s32"><Font ss:FontName="Calibri" ss:Size="10"/><Borders/></Style><Style ss:ID="s33"><Font ss:FontName="Calibri" ss:Size="10"/><Borders><Border ss:Position="Bottom" ss:LineStyle="Continuous" ss:Weight="1"/></Borders></Style></Styles><Names></Names><Worksheet ss:Name="Sheet1"><Table ss:ExpandedColumnCount="7" ss:ExpandedRowCount="35" x:FullColumns="1" x:FullRows="1"><Column ss:AutoFitWidth="0" ss:Width="126"/><Column ss:AutoFitWidth="0" ss:Width="58"/><Column ss:AutoFitWidth="0" ss:Width="58"/><Column ss:AutoFitWidth="0" ss:Width="58"/><Column ss:AutoFitWidth="0" ss:Width="58"/><Column ss:AutoFitWidth="0" ss:Width="58"/><Column ss:AutoFitWidth="0" ss:Width="58"/><Row></Row><Row><Cell ss:StyleID="s31"><Data ss:Type="String"></Data></Cell><Cell ss:StyleID="s21"><Data ss:Type="String">(1)</Data></Cell><Cell ss:StyleID="s21"><Data ss:Type="String">(2)</Data></Cell><Cell ss:StyleID="s21"><Data ss:Type="String">(3)</Data></Cell><Cell ss:StyleID="s21"><Data ss:Type="String">(4)</Data></Cell><Cell ss:StyleID="s21"><Data ss:Type="String">(5)</Data></Cell><Cell ss:StyleID="s21"><Data ss:Type="String">(6)</Data></Cell></Row><Row><Cell ss:StyleID="s32"><Data ss:Type="String"></Data></Cell><Cell ss:StyleID="s22"><Data ss:Type="String">Round 3</Data></Cell><Cell ss:StyleID="s22"><Data ss:Type="String">ALL</Data></Cell><Cell ss:StyleID="s22"><Data ss:Type="String">Round 3</Data></Cell><Cell ss:StyleID="s22"><Data ss:Type="String">ALL</Data></Cell><Cell ss:StyleID="s22"><Data ss:Type="String">Round 3</Data></Cell><Cell ss:StyleID="s22"><Data ss:Type="String">ALL</Data></Cell></Row><Row><Cell ss:StyleID="s32"><Data ss:Type="String">VARIABLES</Data></Cell><Cell ss:StyleID="s22"><Data ss:Type="String">moca_sa_w3</Data></Cell><Cell ss:StyleID="s22"><Data ss:Type="String">moca_sa_w3</Data></Cell><Cell ss:StyleID="s22"><Data ss:Type="String">moca_sa_w3</Data></Cell><Cell ss:StyleID="s22"><Data ss:Type="String">moca_sa_w3</Data></Cell><Cell ss:StyleID="s22"><Data ss:Type="String">moca_sa_w3</Data></Cell><Cell ss:StyleID="s22"><Data ss:Type="String">moca_sa_w3</Data></Cell></Row><Row><Cell ss:StyleID="s31"><Data ss:Type="String"></Data></Cell><Cell ss:StyleID="s21"><Data ss:Type="String"></Data></Cell><Cell ss:StyleID="s21"><Data ss:Type="String"></Data></Cell><Cell ss:StyleID="s21"><Data ss:Type="String"></Data></Cell><Cell ss:StyleID="s21"><Data ss:Type="String"></Data></Cell><Cell ss:StyleID="s21"><Data ss:Type="String"></Data></Cell><Cell ss:StyleID="s21"><Data ss:Type="String"></Data></Cell></Row><Row><Cell ss:StyleID="s32"><Data ss:Type="String">pc1_normal_demeaned</Data></Cell><Cell ss:StyleID="s22"><Data ss:Type="String"></Data></Cell><Cell ss:StyleID="s22"><Data ss:Type="String">-0.205**</Data></Cell><Cell ss:StyleID="s22"><Data ss:Type="String"></Data></Cell><Cell ss:StyleID="s22"><Data ss:Type="String"></Data></Cell><Cell ss:StyleID="s22"><Data ss:Type="String"></Data></Cell><Cell ss:StyleID="s22"><Data ss:Type="String"></Data></Cell></Row><Row><Cell ss:StyleID="s32"><Data ss:Type="String"></Data></Cell><Cell ss:StyleID="s22"><Data ss:Type="String"></Data></Cell><Cell ss:StyleID="s22"><Data ss:Type="String">(0.0848)</Data></Cell><Cell ss:StyleID="s22"><Data ss:Type="String"></Data></Cell><Cell ss:StyleID="s22"><Data ss:Type="String"></Data></Cell><Cell ss:StyleID="s22"><Data ss:Type="String"></Data></Cell><Cell ss:StyleID="s22"><Data ss:Type="String"></Data></Cell></Row><Row><Cell ss:StyleID="s32"><Data ss:Type="String">pc1_mci_demeaned</Data></Cell><Cell ss:StyleID="s22"><Data ss:Type="String"></Data></Cell><Cell ss:StyleID="s22"><Data ss:Type="String">-0.452***</Data></Cell><Cell ss:StyleID="s22"><Data ss:Type="String"></Data></Cell><Cell ss:StyleID="s22"><Data ss:Type="String"></Data></Cell><Cell ss:StyleID="s22"><Data ss:Type="String"></Data></Cell><Cell ss:StyleID="s22"><Data ss:Type="String"></Data></Cell></Row><Row><Cell ss:StyleID="s32"><Data ss:Type="String"></Data></Cell><Cell ss:StyleID="s22"><Data ss:Type="String"></Data></Cell><Cell ss:StyleID="s22"><Data ss:Type="String">(0.0609)</Data></Cell><Cell ss:StyleID="s22"><Data ss:Type="String"></Data></Cell><Cell ss:StyleID="s22"><Data ss:Type="String"></Data></Cell><Cell ss:StyleID="s22"><Data ss:Type="String"></Data></Cell><Cell ss:StyleID="s22"><Data ss:Type="String"></Data></Cell></Row><Row><Cell ss:StyleID="s32"><Data ss:Type="String">pc1_dementia_demeaned</Data></Cell><Cell ss:StyleID="s22"><Data ss:Type="String"></Data></Cell><Cell ss:StyleID="s22"><Data ss:Type="String">-0.348***</Data></Cell><Cell ss:StyleID="s22"><Data ss:Type="String"></Data></Cell><Cell ss:StyleID="s22"><Data ss:Type="String"></Data></Cell><Cell ss:StyleID="s22"><Data ss:Type="String"></Data></Cell><Cell ss:StyleID="s22"><Data ss:Type="String"></Data></Cell></Row><Row><Cell ss:StyleID="s32"><Data ss:Type="String"></Data></Cell><Cell ss:StyleID="s22"><Data ss:Type="String"></Data></Cell><Cell ss:StyleID="s22"><Data ss:Type="String">(0.0829)</Data></Cell><Cell ss:StyleID="s22"><Data ss:Type="String"></Data></Cell><Cell ss:StyleID="s22"><Data ss:Type="String"></Data></Cell><Cell ss:StyleID="s22"><Data ss:Type="String"></Data></Cell><Cell ss:StyleID="s22"><Data ss:Type="String"></Data></Cell></Row><Row><Cell ss:StyleID="s32"><Data ss:Type="String">age_demeaned</Data></Cell><Cell ss:StyleID="s22"><Data ss:Type="String">-0.112***</Data></Cell><Cell ss:StyleID="s22"><Data ss:Type="String">-0.112***</Data></Cell><Cell ss:StyleID="s22"><Data ss:Type="String">-0.113***</Data></Cell><Cell ss:StyleID="s22"><Data ss:Type="String">-0.113***</Data></Cell><Cell ss:StyleID="s22"><Data ss:Type="String">-0.107***</Data></Cell><Cell ss:StyleID="s22"><Data ss:Type="String">-0.107***</Data></Cell></Row><Row><Cell ss:StyleID="s32"><Data ss:Type="String"></Data></Cell><Cell ss:StyleID="s22"><Data ss:Type="String">(0.00945)</Data></Cell><Cell ss:StyleID="s22"><Data ss:Type="String">(0.00946)</Data></Cell><Cell ss:StyleID="s22"><Data ss:Type="String">(0.00962)</Data></Cell><Cell ss:StyleID="s22"><Data ss:Type="String">(0.00964)</Data></Cell><Cell ss:StyleID="s22"><Data ss:Type="String">(0.00953)</Data></Cell><Cell ss:StyleID="s22"><Data ss:Type="String">(0.00954)</Data></Cell></Row><Row><Cell ss:StyleID="s32"><Data ss:Type="String">moca_sa_demeaned</Data></Cell><Cell ss:StyleID="s22"><Data ss:Type="String">0.688***</Data></Cell><Cell ss:StyleID="s22"><Data ss:Type="String">0.694***</Data></Cell><Cell ss:StyleID="s22"><Data ss:Type="String">0.719***</Data></Cell><Cell ss:StyleID="s22"><Data ss:Type="String">0.722***</Data></Cell><Cell ss:StyleID="s22"><Data ss:Type="String">0.679***</Data></Cell><Cell ss:StyleID="s22"><Data ss:Type="String">0.687***</Data></Cell></Row><Row><Cell ss:StyleID="s32"><Data ss:Type="String"></Data></Cell><Cell ss:StyleID="s22"><Data ss:Type="String">(0.0196)</Data></Cell><Cell ss:StyleID="s22"><Data ss:Type="String">(0.0200)</Data></Cell><Cell ss:StyleID="s22"><Data ss:Type="String">(0.0193)</Data></Cell><Cell ss:StyleID="s22"><Data ss:Type="String">(0.0197)</Data></Cell><Cell ss:StyleID="s22"><Data ss:Type="String">(0.0198)</Data></Cell><Cell ss:StyleID="s22"><Data ss:Type="String">(0.0206)</Data></Cell></Row><Row><Cell ss:StyleID="s32"><Data ss:Type="String">pc1_demeaned</Data></Cell><Cell ss:StyleID="s22"><Data ss:Type="String">-0.367***</Data></Cell><Cell ss:StyleID="s22"><Data ss:Type="String"></Data></Cell><Cell ss:StyleID="s22"><Data ss:Type="String"></Data></Cell><Cell ss:StyleID="s22"><Data ss:Type="String"></Data></Cell><Cell ss:StyleID="s22"><Data ss:Type="String">-0.355***</Data></Cell><Cell ss:StyleID="s22"><Data ss:Type="String"></Data></Cell></Row><Row><Cell ss:StyleID="s32"><Data ss:Type="String"></Data></Cell><Cell ss:StyleID="s22"><Data ss:Type="String">(0.0476)</Data></Cell><Cell ss:StyleID="s22"><Data ss:Type="String"></Data></Cell><Cell ss:StyleID="s22"><Data ss:Type="String"></Data></Cell><Cell ss:StyleID="s22"><Data ss:Type="String"></Data></Cell><Cell ss:StyleID="s22"><Data ss:Type="String">(0.0475)</Data></Cell><Cell ss:StyleID="s22"><Data ss:Type="String"></Data></Cell></Row><Row><Cell ss:StyleID="s32"><Data ss:Type="String">smell_w2_new</Data></Cell><Cell ss:StyleID="s22"><Data ss:Type="String"></Data></Cell><Cell ss:StyleID="s22"><Data ss:Type="String"></Data></Cell><Cell ss:StyleID="s22"><Data ss:Type="String">0.140***</Data></Cell><Cell ss:StyleID="s22"><Data ss:Type="String"></Data></Cell><Cell ss:StyleID="s22"><Data ss:Type="String">0.121***</Data></Cell><Cell ss:StyleID="s22"><Data ss:Type="String"></Data></Cell></Row><Row><Cell ss:StyleID="s32"><Data ss:Type="String"></Data></Cell><Cell ss:StyleID="s22"><Data ss:Type="String"></Data></Cell><Cell ss:StyleID="s22"><Data ss:Type="String"></Data></Cell><Cell ss:StyleID="s22"><Data ss:Type="String">(0.0355)</Data></Cell><Cell ss:StyleID="s22"><Data ss:Type="String"></Data></Cell><Cell ss:StyleID="s22"><Data ss:Type="String">(0.0352)</Data></Cell><Cell ss:StyleID="s22"><Data ss:Type="String"></Data></Cell></Row><Row><Cell ss:StyleID="s32"><Data ss:Type="String">smell_w2_new_normal</Data></Cell><Cell ss:StyleID="s22"><Data ss:Type="String"></Data></Cell><Cell ss:StyleID="s22"><Data ss:Type="String"></Data></Cell><Cell ss:StyleID="s22"><Data ss:Type="String"></Data></Cell><Cell ss:StyleID="s22"><Data ss:Type="String">0.0788</Data></Cell><Cell ss:StyleID="s22"><Data ss:Type="String"></Data></Cell><Cell ss:StyleID="s22"><Data ss:Type="String">0.0637</Data></Cell></Row><Row><Cell ss:StyleID="s32"><Data ss:Type="String"></Data></Cell><Cell ss:StyleID="s22"><Data ss:Type="String"></Data></Cell><Cell ss:StyleID="s22"><Data ss:Type="String"></Data></Cell><Cell ss:StyleID="s22"><Data ss:Type="String"></Data></Cell><Cell ss:StyleID="s22"><Data ss:Type="String">(0.0631)</Data></Cell><Cell ss:StyleID="s22"><Data ss:Type="String"></Data></Cell><Cell ss:StyleID="s22"><Data ss:Type="String">(0.0628)</Data></Cell></Row><Row><Cell ss:StyleID="s32"><Data ss:Type="String">smell_w2_new_mci</Data></Cell><Cell ss:StyleID="s22"><Data ss:Type="String"></Data></Cell><Cell ss:StyleID="s22"><Data ss:Type="String"></Data></Cell><Cell ss:StyleID="s22"><Data ss:Type="String"></Data></Cell><Cell ss:StyleID="s22"><Data ss:Type="String">0.180***</Data></Cell><Cell ss:StyleID="s22"><Data ss:Type="String"></Data></Cell><Cell ss:StyleID="s22"><Data ss:Type="String">0.158***</Data></Cell></Row><Row><Cell ss:StyleID="s32"><Data ss:Type="String"></Data></Cell><Cell ss:StyleID="s22"><Data ss:Type="String"></Data></Cell><Cell ss:StyleID="s22"><Data ss:Type="String"></Data></Cell><Cell ss:StyleID="s22"><Data ss:Type="String"></Data></Cell><Cell ss:StyleID="s22"><Data ss:Type="String">(0.0480)</Data></Cell><Cell ss:StyleID="s22"><Data ss:Type="String"></Data></Cell><Cell ss:StyleID="s22"><Data ss:Type="String">(0.0474)</Data></Cell></Row><Row><Cell ss:StyleID="s32"><Data ss:Type="String">smell_w2_new_dementia</Data></Cell><Cell ss:StyleID="s22"><Data ss:Type="String"></Data></Cell><Cell ss:StyleID="s22"><Data ss:Type="String"></Data></Cell><Cell ss:StyleID="s22"><Data ss:Type="String"></Data></Cell><Cell ss:StyleID="s22"><Data ss:Type="String">0.126</Data></Cell><Cell ss:StyleID="s22"><Data ss:Type="String"></Data></Cell><Cell ss:StyleID="s22"><Data ss:Type="String">0.116</Data></Cell></Row><Row><Cell ss:StyleID="s32"><Data ss:Type="String"></Data></Cell><Cell ss:StyleID="s22"><Data ss:Type="String"></Data></Cell><Cell ss:StyleID="s22"><Data ss:Type="String"></Data></Cell><Cell ss:StyleID="s22"><Data ss:Type="String"></Data></Cell><Cell ss:StyleID="s22"><Data ss:Type="String">(0.0819)</Data></Cell><Cell ss:StyleID="s22"><Data ss:Type="String"></Data></Cell><Cell ss:StyleID="s22"><Data ss:Type="String">(0.0808)</Data></Cell></Row><Row><Cell ss:StyleID="s32"><Data ss:Type="String">Constant</Data></Cell><Cell ss:StyleID="s22"><Data ss:Type="String">17.55***</Data></Cell><Cell ss:StyleID="s22"><Data ss:Type="String">17.44***</Data></Cell><Cell ss:StyleID="s22"><Data ss:Type="String">17.86***</Data></Cell><Cell ss:StyleID="s22"><Data ss:Type="String">17.91***</Data></Cell><Cell ss:StyleID="s22"><Data ss:Type="String">17.74***</Data></Cell><Cell ss:StyleID="s22"><Data ss:Type="String">17.67***</Data></Cell></Row><Row><Cell ss:StyleID="s32"><Data ss:Type="String"></Data></Cell><Cell ss:StyleID="s22"><Data ss:Type="String">(1.884)</Data></Cell><Cell ss:StyleID="s22"><Data ss:Type="String">(1.882)</Data></Cell><Cell ss:StyleID="s22"><Data ss:Type="String">(1.905)</Data></Cell><Cell ss:StyleID="s22"><Data ss:Type="String">(1.907)</Data></Cell><Cell ss:StyleID="s22"><Data ss:Type="String">(1.879)</Data></Cell><Cell ss:StyleID="s22"><Data ss:Type="String">(1.880)</Data></Cell></Row><Row><Cell ss:StyleID="s32"><Data ss:Type="String"></Data></Cell><Cell ss:StyleID="s22"><Data ss:Type="String"></Data></Cell><Cell ss:StyleID="s22"><Data ss:Type="String"></Data></Cell><Cell ss:StyleID="s22"><Data ss:Type="String"></Data></Cell><Cell ss:StyleID="s22"><Data ss:Type="String"></Data></Cell><Cell ss:StyleID="s22"><Data ss:Type="String"></Data></Cell><Cell ss:StyleID="s22"><Data ss:Type="String"></Data></Cell></Row><Row><Cell ss:StyleID="s32"><Data ss:Type="String">Observations</Data></Cell><Cell ss:StyleID="s22"><Data ss:Type="String">2,209</Data></Cell><Cell ss:StyleID="s22"><Data ss:Type="String">2,209</Data></Cell><Cell ss:StyleID="s22"><Data ss:Type="String">2,209</Data></Cell><Cell ss:StyleID="s22"><Data ss:Type="String">2,209</Data></Cell><Cell ss:StyleID="s22"><Data ss:Type="String">2,209</Data></Cell><Cell ss:StyleID="s22"><Data ss:Type="String">2,209</Data></Cell></Row><Row><Cell ss:StyleID="s32"><Data ss:Type="String">R-squared</Data></Cell><Cell ss:StyleID="s22"><Data ss:Type="String">0.620</Data></Cell><Cell ss:StyleID="s22"><Data ss:Type="String">0.621</Data></Cell><Cell ss:StyleID="s22"><Data ss:Type="String">0.611</Data></Cell><Cell ss:StyleID="s22"><Data ss:Type="String">0.612</Data></Cell><Cell ss:StyleID="s22"><Data ss:Type="String">0.622</Data></Cell><Cell ss:StyleID="s22"><Data ss:Type="String">0.624</Data></Cell></Row><Row><Cell ss:StyleID="s32"><Data ss:Type="String">Interviewer FE</Data></Cell><Cell ss:StyleID="s22"><Data ss:Type="String">YES</Data></Cell><Cell ss:StyleID="s22"><Data ss:Type="String">YES</Data></Cell><Cell ss:StyleID="s22"><Data ss:Type="String">YES</Data></Cell><Cell ss:StyleID="s22"><Data ss:Type="String">YES</Data></Cell><Cell ss:StyleID="s22"><Data ss:Type="String">YES</Data></Cell><Cell ss:StyleID="s22"><Data ss:Type="String">YES</Data></Cell></Row><Row><Cell ss:StyleID="s32"><Data ss:Type="String">Mean Dep. Var</Data></Cell><Cell ss:StyleID="s22"><Data ss:Type="String">13.9</Data></Cell><Cell ss:StyleID="s22"><Data ss:Type="String">13.9</Data></Cell><Cell ss:StyleID="s22"><Data ss:Type="String">13.9</Data></Cell><Cell ss:StyleID="s22"><Data ss:Type="String">13.91</Data></Cell><Cell ss:StyleID="s22"><Data ss:Type="String">13.91</Data></Cell><Cell ss:StyleID="s22"><Data ss:Type="String">13.91</Data></Cell></Row><Row><Cell ss:StyleID="s33"><Data ss:Type="String">Standard Error</Data></Cell><Cell ss:StyleID="s23"><Data ss:Type="String">( .0545 )</Data></Cell><Cell ss:StyleID="s23"><Data ss:Type="String">( .0545 )</Data></Cell><Cell ss:StyleID="s23"><Data ss:Type="String">( .0551 )</Data></Cell><Cell ss:StyleID="s23"><Data ss:Type="String">( .0551 )</Data></Cell><Cell ss:StyleID="s23"><Data ss:Type="String">( .0543 )</Data></Cell><Cell ss:StyleID="s23"><Data ss:Type="String">( .0543 )</Data></Cell></Row><Row><Cell ss:StyleID="s24"><Data ss:Type="String">Standard errors in parentheses</Data></Cell></Row><Row><Cell ss:StyleID="s24"><Data ss:Type="String">*** p&lt;0.01, ** p&lt;0.05, * p&lt;0.1</Data></Cell></Row></Table><WorksheetOptions xmlns="urn:schemas-microsoft-com:office:excel"><ProtectedObjects>False</ProtectedObjects><ProtectedScenarios>False</ProtectedScenarios></WorksheetOptions></Worksheet></Workbook>