<?xml version="1.0" encoding="US-ASCII" standalone="yes"?><?mso-application progid="Excel.Sheet"?><Workbook xmlns="urn:schemas-microsoft-com:office:spreadsheet" xmlns:o="urn:schemas-microsoft-com:office:office" xmlns:x="urn:schemas-microsoft-com:office:excel" xmlns:ss="urn:schemas-microsoft-com:office:spreadsheet" xmlns:html="http://www.w3.org/TR/REC-html40"><DocumentProperties xmlns="urn:schemas-microsoft-com:office:office"><Author></Author><LastAuthor></LastAuthor><Created></Created><LastSaved></LastSaved><Company></Company><Version></Version></DocumentProperties><ExcelWorkbook  xmlns="urn:schemas-microsoft-com:office:excel"><ProtectStructure>False</ProtectStructure><ProtectWindows>False</ProtectWindows></ExcelWorkbook><Styles><Style ss:ID="Default" ss:Name="Normal"><Alignment ss:Vertical="Bottom"/><Borders/><Font ss:FontName="Calibri" ss:Size="10"/><Interior/><NumberFormat/><Protection/></Style><Style ss:ID="s1"><Font ss:FontName="Calibri" ss:Bold="1" ss:Size="12"/><NumberFormat/></Style><Style ss:ID="s21"><Alignment ss:Horizontal="Center" ss:Vertical="Bottom"/><NumberFormat/><Font ss:FontName="Calibri" ss:Size="10"/><Borders><Border ss:Position="Top" ss:LineStyle="Continuous" ss:Weight="1"/></Borders></Style><Style ss:ID="s22"><Alignment ss:Horizontal="Center" ss:Vertical="Bottom"/><Font ss:FontName="Calibri" ss:Size="10"/><NumberFormat/></Style><Style ss:ID="s23"><Alignment ss:Horizontal="Center" ss:Vertical="Bottom"/><NumberFormat/><Font ss:FontName="Calibri" ss:Size="10"/><Borders><Border ss:Position="Bottom" ss:LineStyle="Continuous" ss:Weight="1"/></Borders></Style><Style ss:ID="s24"><Font ss:FontName="Calibri" ss:Size="10"/><NumberFormat/></Style><Style ss:ID="s31"><Font ss:FontName="Calibri" ss:Size="10"/><Borders><Border ss:Position="Top" ss:LineStyle="Continuous" ss:Weight="1"/></Borders></Style><Style ss:ID="s32"><Font ss:FontName="Calibri" ss:Size="10"/><Borders/></Style><Style ss:ID="s33"><Font ss:FontName="Calibri" ss:Size="10"/><Borders><Border ss:Position="Bottom" ss:LineStyle="Continuous" ss:Weight="1"/></Borders></Style></Styles><Names></Names><Worksheet ss:Name="Sheet1"><Table ss:ExpandedColumnCount="5" ss:ExpandedRowCount="21" x:FullColumns="1" x:FullRows="1"><Column ss:AutoFitWidth="0" ss:Width="96"/><Column ss:AutoFitWidth="0" ss:Width="58"/><Column ss:AutoFitWidth="0" ss:Width="58"/><Column ss:AutoFitWidth="0" ss:Width="58"/><Column ss:AutoFitWidth="0" ss:Width="58"/><Row></Row><Row><Cell ss:StyleID="s31"><Data ss:Type="String"></Data></Cell><Cell ss:StyleID="s21"><Data ss:Type="String">(1)</Data></Cell><Cell ss:StyleID="s21"><Data ss:Type="String">(2)</Data></Cell><Cell ss:StyleID="s21"><Data ss:Type="String">(3)</Data></Cell><Cell ss:StyleID="s21"><Data ss:Type="String">(4)</Data></Cell></Row><Row><Cell ss:StyleID="s32"><Data ss:Type="String"></Data></Cell><Cell ss:StyleID="s22"><Data ss:Type="String">Round 2</Data></Cell><Cell ss:StyleID="s22"><Data ss:Type="String">Round 2</Data></Cell><Cell ss:StyleID="s22"><Data ss:Type="String">Round 3</Data></Cell><Cell ss:StyleID="s22"><Data ss:Type="String">Round 3</Data></Cell></Row><Row><Cell ss:StyleID="s32"><Data ss:Type="String">VARIABLES</Data></Cell><Cell ss:StyleID="s22"><Data ss:Type="String">moca_sa</Data></Cell><Cell ss:StyleID="s22"><Data ss:Type="String">moca_sa</Data></Cell><Cell ss:StyleID="s22"><Data ss:Type="String">moca_sa_w3</Data></Cell><Cell ss:StyleID="s22"><Data ss:Type="String">moca_sa_w3</Data></Cell></Row><Row><Cell ss:StyleID="s31"><Data ss:Type="String"></Data></Cell><Cell ss:StyleID="s21"><Data ss:Type="String"></Data></Cell><Cell ss:StyleID="s21"><Data ss:Type="String"></Data></Cell><Cell ss:StyleID="s21"><Data ss:Type="String"></Data></Cell><Cell ss:StyleID="s21"><Data ss:Type="String"></Data></Cell></Row><Row><Cell ss:StyleID="s32"><Data ss:Type="String">pc1_demeaned</Data></Cell><Cell ss:StyleID="s22"><Data ss:Type="String"></Data></Cell><Cell ss:StyleID="s22"><Data ss:Type="String">-0.693***</Data></Cell><Cell ss:StyleID="s22"><Data ss:Type="String">-0.847***</Data></Cell><Cell ss:StyleID="s22"><Data ss:Type="String">-0.367***</Data></Cell></Row><Row><Cell ss:StyleID="s32"><Data ss:Type="String"></Data></Cell><Cell ss:StyleID="s22"><Data ss:Type="String"></Data></Cell><Cell ss:StyleID="s22"><Data ss:Type="String">(0.0508)</Data></Cell><Cell ss:StyleID="s22"><Data ss:Type="String">(0.0581)</Data></Cell><Cell ss:StyleID="s22"><Data ss:Type="String">(0.0476)</Data></Cell></Row><Row><Cell ss:StyleID="s32"><Data ss:Type="String">moca_sa_demeaned</Data></Cell><Cell ss:StyleID="s22"><Data ss:Type="String"></Data></Cell><Cell ss:StyleID="s22"><Data ss:Type="String"></Data></Cell><Cell ss:StyleID="s22"><Data ss:Type="String"></Data></Cell><Cell ss:StyleID="s22"><Data ss:Type="String">0.688***</Data></Cell></Row><Row><Cell ss:StyleID="s32"><Data ss:Type="String"></Data></Cell><Cell ss:StyleID="s22"><Data ss:Type="String"></Data></Cell><Cell ss:StyleID="s22"><Data ss:Type="String"></Data></Cell><Cell ss:StyleID="s22"><Data ss:Type="String"></Data></Cell><Cell ss:StyleID="s22"><Data ss:Type="String">(0.0196)</Data></Cell></Row><Row><Cell ss:StyleID="s32"><Data ss:Type="String">age_demeaned</Data></Cell><Cell ss:StyleID="s22"><Data ss:Type="String">-0.129***</Data></Cell><Cell ss:StyleID="s22"><Data ss:Type="String">-0.104***</Data></Cell><Cell ss:StyleID="s22"><Data ss:Type="String">-0.185***</Data></Cell><Cell ss:StyleID="s22"><Data ss:Type="String">-0.112***</Data></Cell></Row><Row><Cell ss:StyleID="s32"><Data ss:Type="String"></Data></Cell><Cell ss:StyleID="s22"><Data ss:Type="String">(0.0106)</Data></Cell><Cell ss:StyleID="s22"><Data ss:Type="String">(0.0103)</Data></Cell><Cell ss:StyleID="s22"><Data ss:Type="String">(0.0118)</Data></Cell><Cell ss:StyleID="s22"><Data ss:Type="String">(0.00945)</Data></Cell></Row><Row><Cell ss:StyleID="s32"><Data ss:Type="String">Constant</Data></Cell><Cell ss:StyleID="s22"><Data ss:Type="String">15.85***</Data></Cell><Cell ss:StyleID="s22"><Data ss:Type="String">15.24***</Data></Cell><Cell ss:StyleID="s22"><Data ss:Type="String">18.75***</Data></Cell><Cell ss:StyleID="s22"><Data ss:Type="String">17.55***</Data></Cell></Row><Row><Cell ss:StyleID="s32"><Data ss:Type="String"></Data></Cell><Cell ss:StyleID="s22"><Data ss:Type="String">(1.240)</Data></Cell><Cell ss:StyleID="s22"><Data ss:Type="String">(1.190)</Data></Cell><Cell ss:StyleID="s22"><Data ss:Type="String">(2.402)</Data></Cell><Cell ss:StyleID="s22"><Data ss:Type="String">(1.884)</Data></Cell></Row><Row><Cell ss:StyleID="s32"><Data ss:Type="String"></Data></Cell><Cell ss:StyleID="s22"><Data ss:Type="String"></Data></Cell><Cell ss:StyleID="s22"><Data ss:Type="String"></Data></Cell><Cell ss:StyleID="s22"><Data ss:Type="String"></Data></Cell><Cell ss:StyleID="s22"><Data ss:Type="String"></Data></Cell></Row><Row><Cell ss:StyleID="s32"><Data ss:Type="String">Observations</Data></Cell><Cell ss:StyleID="s22"><Data ss:Type="String">2,209</Data></Cell><Cell ss:StyleID="s22"><Data ss:Type="String">2,209</Data></Cell><Cell ss:StyleID="s22"><Data ss:Type="String">2,209</Data></Cell><Cell ss:StyleID="s22"><Data ss:Type="String">2,209</Data></Cell></Row><Row><Cell ss:StyleID="s32"><Data ss:Type="String">R-squared</Data></Cell><Cell ss:StyleID="s22"><Data ss:Type="String">0.239</Data></Cell><Cell ss:StyleID="s22"><Data ss:Type="String">0.301</Data></Cell><Cell ss:StyleID="s22"><Data ss:Type="String">0.381</Data></Cell><Cell ss:StyleID="s22"><Data ss:Type="String">0.620</Data></Cell></Row><Row><Cell ss:StyleID="s32"><Data ss:Type="String">Interviewer FE</Data></Cell><Cell ss:StyleID="s22"><Data ss:Type="String">YES</Data></Cell><Cell ss:StyleID="s22"><Data ss:Type="String">YES</Data></Cell><Cell ss:StyleID="s22"><Data ss:Type="String">YES</Data></Cell><Cell ss:StyleID="s22"><Data ss:Type="String">YES</Data></Cell></Row><Row><Cell ss:StyleID="s32"><Data ss:Type="String">Mean Dep. Var</Data></Cell><Cell ss:StyleID="s22"><Data ss:Type="String">14.57</Data></Cell><Cell ss:StyleID="s22"><Data ss:Type="String">14.57</Data></Cell><Cell ss:StyleID="s22"><Data ss:Type="String">13.9</Data></Cell><Cell ss:StyleID="s22"><Data ss:Type="String">13.9</Data></Cell></Row><Row><Cell ss:StyleID="s33"><Data ss:Type="String">Standard Error</Data></Cell><Cell ss:StyleID="s23"><Data ss:Type="String">( .0664 )</Data></Cell><Cell ss:StyleID="s23"><Data ss:Type="String">( .0636 )</Data></Cell><Cell ss:StyleID="s23"><Data ss:Type="String">( .0694 )</Data></Cell><Cell ss:StyleID="s23"><Data ss:Type="String">( .0545 )</Data></Cell></Row><Row><Cell ss:StyleID="s24"><Data ss:Type="String">Standard errors in parentheses</Data></Cell></Row><Row><Cell ss:StyleID="s24"><Data ss:Type="String">*** p&lt;0.01, ** p&lt;0.05, * p&lt;0.1</Data></Cell></Row></Table><WorksheetOptions xmlns="urn:schemas-microsoft-com:office:excel"><ProtectedObjects>False</ProtectedObjects><ProtectedScenarios>False</ProtectedScenarios></WorksheetOptions></Worksheet></Workbook>